customer_tweet_id,customer_text,support_reply
512460,Is it just my phone that keeps on randomly restarting ever since I updated my iOS? @115858 @AppleSupport,"@237856 Hey, thanks for reaching out. That's not what we'd expect. We'd love to assist. We've received your DMs, so look for a reply there shortly."
1021111,@AppleSupport does iOS 11 have auto fill credit card info when making a purchase?,@361636 Thanks for reaching out us about this. Auto-fill is a feature you would need to turn on in your settings.
2558704,@115858 @AppleSupport @115858 OMG 4 the 1st time I’m 8 yrs.. I HATE MY PHONE! It is sooo glitchy &amp; slow! WTF fix ur chit.. droid here I come 😫,@726367 We're here for you. Which iPhone and iOS version are you using? Can you tell us more about what's happening with your iPhone?
2360410,"@AppleSupport i need your help, i’ve done the 1.11.2 (beta) and i regret it so bad bc it’s sucks !!! look a the pic it’s so horrible i need to go back to the public official version please help me😭😭",@681657 We can get you pointed in the right direction. Please send us a DM and we'll provide some information.
234395,@AppleSupport New iOS stinks. Slowed everything waaaaay down and is a battery drain. #BOO,@171802 Have you updated to IOS 11.0.2 yet? Let us know in DM if you still need help.
9158,@AppleSupport It’s showing it’s connected and the battery is decreasing.,@117641 We are here for you. Let's take a look at this further for you. Reach out to us in DM.
1335688,"Hey @AppleSupport @115858, when is a proper iOS update coming where I dont have to reboot my phone a dozen times a day? Getting tiresome now.",@431573 That's unexpected. We'd be happy to help. Which version of iOS are you using? Check in Settings &gt; General &gt; About.
1330004,Why the fuck my phone keep glitching and blacking our randomly @AppleSupport Ima buy the new iPhone anyway relax,@370413 We'd love to help you with this. Please DM us and let us know which iPhone model you have.
2774328,"@AppleSupport Bonjour, mon IPhone 6 est très très lent depuis la mise à jour IOS 11.1. En boutique on me dit que le problème est connu ? Ce ne serait pas juste que le téléphone n’a pas assez de mémoire vive pour la MAJ ? Merci",@775348 We offer support via Twitter in English. Contact us for help in your preferred language here:
50874,@AppleSupport sorry I’m just now seeing this but I took it to my local apple store and they fixed it!! thank you!!,@127421 We're glad you were able to get the issue resolved. Feel free to reach out to us anytime you need assistance.
1966898,"@AppleSupport You guys are already dealing with it, although I have to wait a week for an appointment.","@571263 We're glad to hear you have an appointment for your iPhone's battery issue. If you're having more issues, DM us and we'll help"
1921848,"@AppleSupport - new upgrade crashing iPhone 7 - Calls stuck, no sound, frozen screen, phone overheats- etc— please make new upgrade thx!!",@572121 We want to be sure your iPhone is working normally. DM us and let us know when these issues started.
2298578,"@AppleSupport my iPhone 6+ rear camera can’t focus, provides blurry images","@667210 The camera is one of the best parts on the iPhone. We want to ensure your camera quality is up to par. We'd like a few details from you in order to assist. First, meet us in DM with your country, and we'll take it from there."
1597357,And it STILL doesn’t work. @AppleSupport @123765 @TwitterSupport,"@183950 We are happy to provide you a speedy, clear workaround for this. This article walks you through it:"
302650,@AppleSupport yes it does,"@184695 From Settings &gt; General &gt; About, can you tell us the exact iOS version?"
2361707,"@AppleSupport They don’t have the blue arrow option, it only says “processing” or waiting, but they’re not moving whatsoever","@681954 Thank you for letting us know! Are you connected to Wi-Fi, or downloading over cellular data?"
2012370,@AppleSupport @118936 when will iCloud Drive support iPhone X ?????its not letting me install,@569009 We'd like to look into this with you. Could you Direct Message us and let us know which country you're located in?
9842,@AppleSupport I said the battery is dying too fast. Is that because of the new iOS 11.0.3? I’m pretty worried about it 😕 I can’t trust my phone anymore,@117810 We're here to help. Let's update your device to iOS 11.1 and test to see if the issue persists:
1458102,My current iPhone has a crack in the screen. Anyone know if I need to get it repaired before sending it in? @AppleSupport,@458429 We'd be happy to look into this with you. Please reach out to us via DM and we'll get started.
415065,@AppleSupport iTunes/Music opens fine but do not play any song. All others apps are working perfectly (audio and video).,@162981 DM us the Apple device you are using and we’ll do our best to assist you.
1638733,HOW COME EVERY TIME I️ TYPE I IT TURNS INTO I️ @AppleSupport help pls,"@501096 Thanks for contacting us, we're here for you. Please follow the steps in this support article:"
2699052,"@AppleSupport @758303 Yep! I said the exact same thing! Ever since updating to iOS11, my iPhone is stuffing up constantly. Whether it’s messaging, reminders, calls, battery life..its BS! I’m w/you Simon. We shouldn’t be forced to upgrade. It’s not fair &amp; very suspicious. 😒",@758307 We'd like to see what we can do to help. Which iPhone model and exact iOS 11 version are you using? Let us know in DM and we'll work on this.
2557240,@AppleSupport I recently purchased a refurbished iPhone 5S model A1533 from the local retail store. I'd like to exchange it for a equivalent iPhone 5S model A1453. Is that possible?,"@726014 To clarify this for our end, which country are you in and what location was it this device was purchased at? Let us know via DM."
2320384,"@AppleSupport So are you saying it is in fact an intentional change? If so, is there currently any way to change which apps can be controlled with the media shortcut keys?","@672485 Our apologies for the confusion. We want to make sure we're understanding the behavior exactly right. Go to System Preferences &gt; Keyboard, and tell us if you have ""Use F1, F2, etc. keys as standard function keys"" checked. Send us a DM with the answer."
2882112,Anyone else running macOS 10.13.1 having trouble turning Bluetooth OFF? This release seems littered with bugs. @AppleSupport,@629303 We’re here to help. Please DM us the device model you’re using so we can better assist you.
1615758,@AppleSupport fix my battery life,@495527 See our guide for improved battery life here: Please send us a DM if we can help further.
2782060,@776927 @AppleSupport @115858 Deleted half my photos which I’m kinda over cause I can’t do nothing about it. But what makes me mad is it deleted my photos from the concert i went to with Nickie. Thankfully I sent them to my mother so I could get them back,"@755849 The Optimize iPhone Storage option should mean your photos are securely stored on your iCloud account. If you're still having issues with your photos, get over to our Photos support. They will be glad to help you. Use this link to reach them:"
1166741,@AppleSupport My battery has been terrible since 11.1. Have you identified the problem and what are you doing to fix it?,@394441 We'd be happy to help. Send us a DM with a few details and we can start there.
875124,@AppleSupport why does my WiFi not want to stay connected??,@327771 Maintaining your Wi-Fi connection is expected &amp; we'd like to help. Does this happen with all Wi-Fi networks or only one?
2616590,"@AppleSupport Updates completed. Still freezes playing back Facebook video, snapchat videos. My face id scan icon will just disappear when it gets a bad scan and act frozen. It will show a lock and the rest of the screen goes blank.",@739559 DM the country or region were you are currently located to continue.
1618263,@AppleSupport It was Skype only. In the meantime I uninstalled&gt; reinstalled Skype. Working well now.,@496164 We’re glad to hear it is working correctly again. Let us know if we can help you with anything in the future. Have a great day!
938065,@AppleSupport The job no JPR22081761324 evn @116333 didn't repnd 2 my dad's mail hrrible customer care #cheaterapple @123288 pls help my dad,"@342356 Please send us a DM with full details on the exact issue you have run into, so we may better assist you."
1626579,"@AppleSupport makes me want to switch to @117159, just took a screen shot on my iPhone and it deleted all my photos... great",@498063 We'd like to help you get in touch with our Photos experts at AppleCare. Please reach out to them here:
848280,@AppleSupport oh les mecs pq mon controle vocal fait que se declencher quand les écouteurs sont branchés???????? OWWW ON EST OÙ LA PTN,@321593 We offer support via Twitter in English. Contact us for help in your preferred language here:
1420645,@AppleSupport i have the 7 and i have 11.0.02. will upgrading fix that issue? why would messages come thru after someone has been blocked??,"@450269 Updating would be the first step to take. If that still continues, just let us know via a DM. We’ll keep moving from there."
1002739,@AppleSupport Y wifi is switching on by itself after update to 11.3 ???,@357352 We'd like to look into this further. Please click here to join us in DM:
2013846,@AppleSupport Is this link for the UK too?,"@595474 For contact info, and also a link to worldwide numbers to reach us, please see:"
448377,You upgrade your @AppleSupport Mac to High Sierra and you get the constant 94% CPU issue.... loving it so far....,@124345 We'd be happy to look into this with you more in detail. Please reach out to us via DM and let us know what Mac you're using and any steps you've tried to resolve the issues.
2291643,"Phone freezes all the time now. I'll be in the middle of typing an iMessage &amp; it just stops typing, then jolts back to life like a frozen computer. All of my apps freeze as well. Snapchat/tinder the most. This is literally the worst update ever for a phone. @AppleSupport #ios1103","@267786 We're here for you. Send us a DM, and we'll continue investigating this issue together there."
1857093,@115858 @AppleSupport why tf my music lookin like this,"@555380 Hey, we want to learn more about what's going on. DM us the exact iOS version and we'll take a closer look."
1725281,@115858 @AppleSupport yo wtf is going on my phone keeps fucking up and freezing and logging me out of insta get your shit together Apple!!!,@521810 We're here to help. Send us a DM with your iOS version and device type.
557871,@AppleSupport no Apple Pay cash for the UK?,"@124177 We're happy to answer your question. To send and receive money with Apple Pay, you must live in the United States."
448402,@AppleSupport Still no response from you! Since I’ve updated to iOS 11 I can not connect to unsecured networks. It’s a know issue. What are you doing to fix it? Tried on my friends phone(not updated) and was able to connect. Tried on mine and still nothing. Proof it’s the update!,@221228 Thank you for reaching out. We're happy to look into this issue with you. Join up with us in DM; we'll continue from there.
1697452,I️ I️ I️ I️ wtf is this @AppleSupport,@514893 Here’s what you can do to work around the issue until it’s fixed in a future software update:
2682048,@AppleSupport Great. Thank you,@456048 You're most welcome!
2111397,"@AppleSupport dopo aver effettuato tutti e tre gli aggiornamenti di iOS 11, continuo a non riuscire ad effettuare chiamate. Soluzioni ?",@622778 We offer support via Twitter in English. Contact us for help in your preferred language here:
1563993,I️ can’t take much more of this @AppleSupport,"@482948 We are pleased to provide you a fast, easy workaround for this. This article walks you through it:"
1072713,"@AppleSupport hello, my Apple watch doesnt send me notification when i receive a Message","@373122 Let's look into this together! To begin, let us know if the steps listed here help:"
407938,"@AppleSupport Hi, how can I check on my iPhone when the last backup was? I cannot seem to find out with the iOS 11 update.. Please assist",@212247 We'd love to help. Check out this link for locating previous backups:
1941240,"@AppleSupport so I went to look at my pictures and they’re all gone, no reason!",@535649 Thanks for reaching out to us. We'd like to help you and look into this further. Please DM us to continue working on this.
1232310,@AppleSupport can I get some help pls?,@409018 That's what we are here for. What can we do for you?
762558,"@AppleSupport having trouble with airplay mirroring on apple tv, keeps cutting off when I’m trying to stream amazon prime from my phone.",@302195 We'd want to get you connected with Apple TV support for help. They can be reached here:
2412525,@applesupport Help after updating to 11.1 battery drains in two hours from 100% to 50% to dead. When plugged in to recharge back again in 1 min to 53% #5S #mad,"@693558 Battery life is essential for the enjoyment of your iPhone, we'll do all we can to help. Connect with us in DM and let us know which iOS device you have. We'll get started."
1020336,@AppleSupport Mostly Apple Music albums added to my library over the past months or year.,@361440 When was the preference enabled? Let us know via DM.
1386554,@AppleSupport I didn't know about the power button under TouchId. Rebooting has resolved the issue,@442634 That's great to hear. Let us know if you need anything in the future.
886236,I deleted someone’s number from my phone today and the number is still saved.. how @AppleSupport ?!,@330432 We can help find out why this happened. DM us and let us know if you use iCloud to save your contacts.
2002696,@AppleSupport what is this?! My friends and I are getting this and it turns I️’s in A with a ? or box beside it. @115858,@592192 Thanks for reaching out. Which device and iOS version are you using? Let us know via a DM. We’ll go from there.
1725236,@115858 @AppleSupport So I’ve reset my phone for the 5th time today because these glitches are getting worse... Any words of advice?,@521796 Let's look into this for you. Send us a DM with your current device type and iOS version to get started.
1863966,"@AppleSupport having trouble with the new iOS on my iphone 6s, the time keeps disappearing when the screen is locked among other things...!?","@556916 We're here for you! Please send us a DM and let us know the exact version of iOS installed, as well as any steps you've tried."
778952,@AppleSupport updated my iphone 5s to ios 11.02.. Random touch occurs very frequently. Reset doesn't help me either.,@306025 Let's take a closer look at this together. Please reach out to us via DM and we can go from there.
2353210,"@AppleSupport high Sierra has broken more or less EVERYTHING on my Mac, it is unusable, constant crashes, broken applications","@679996 We want you to be able to enjoy macOS High Sierra. To see what's going on, please let us know in DM any steps you’ve taken."
2700939,"@AppleSupport Hmmm....not really. That article shows how to sort a contacts list, but not anything about how contacts show up in the messages app.","@758717 To make sure we're on the same page, do you have any message threads with these groups in your Message app?"
2179524,@AppleSupport can you confirm if there are any new text message scams please. Have received a text this morning and do not believe it to be from Apple,"@638723 While we cannot confirm if there are new text message scams, if you suspect you've received one, take a look at the following article for help with identifying and reporting these types of attempts:"
2000383,@AppleSupport why can I️ not type the letter I what did y’all do?,"@591483 We'd like to look into this with you! Join us in DM with the iOS version on your device, located in Settings &gt; General &gt; About."
1673555,@AppleSupport I just bought this iPhone 7 and it’s already acting slow.,@509249 We're here for you. DM us some further details and we can go from there together.
1368985,@AppleSupport this has happened to me twice today. I’ve manually reset time to fix. How do I get the correct time to stick?,@438650 We'll be happy to work with you to ensure your device reflects the correct time. Try all steps here:
898606,Anyone else getting this on #iPhone #iOS11 doesn’t matter what app I’m in. Note someone’s #Facebook post is it as well. @AppleSupport #fb,@118754 Here’s what you can do to work around the issue until it’s fixed in a future software update:
2114699,@AppleSupport iOS 11.0.3 &amp; 11.1 completely messed up my photos. Everything out of chronological order &amp; even DATES CHANGED! iPhone 7 HELP,@623463 We'd like to help. Let's take this to DM and we'll explore ways to provide you assistance.
2277732,"@AppleSupport My live pictures aren’t working in my photo album, every picture I’ve taken is blurry. Can this be fixed?",@662355 We’d love to help point you in the best direction for a resolution. Our team that best assists with Photos would love to help from the following link:
2062110,@AppleSupport whyyyyy you delete all my pics,@609857 Thanks for reaching out. Did your photos reappear once the restoration completed? Let us know via a DM. We’ll go from there.
1753158,"@AppleSupport It’s the “I️” key issue, it replaces it with the A and symbol.",@418542 Here’s what you can do to work around the issue until it’s fixed in a future software update:
2321896,@AppleSupport Hi! Thank you for reaching out. Well I'm using the latest version you recommend: iOS 11 and watchOS 4,@149292 Our latest iOS version is 11.1.1 &amp; WatchOS is 4.1. Let's start by backing up the iPhone &amp; updating it. Then we can update the Watch. Let us know how that goes in DM. How to back up: Update the iOS software on your iPhone:
567673,Why does the word it autocorrect to I.t @AppleSupport #makesnosense,@253149 Thanks for reaching out. Please let us know all about the issues you're experiencing. Which device and version number of iOS are you using? The version can be found under Settings &gt; General &gt; About.
2169864,@AppleSupport Hi thank you for responding. Yes it was the Messages app using iOS 11.1. I️ have an iPhone 7+.,@636536 Have you noticed this happen with other long messages? Or is this the first time you have noticed this happen?
1633535,"@AppleSupport AND I upgraded to 2TB n paid the $8.99 4 xtra storage n have nothing saved, no pics, and 5 apps n still get no storage msg #Time4Android","@382478 We'd be happy to look into this with you! To begin, feel free to DM us and we'll go from there:"
757828,My Apple Watch doesn’t give me breathe reminders anymore since I’ve updated my watch @AppleSupport,@301094 Go ahead and check out this article and see if it helps at all:
1943289,Every time I type the letter “i” it changes to symbols. Why is that happening @AppleSupport @115858 @34759,@577783 Thanks for reaching out to us. We'd like to help you and look into this further. Please DM us to continue working on this.
1858983,Ever since I updated my ever since I updated my phone the battery is shit and it keeps freezing🙃 thanks @AppleSupport,@555838 That's not the experience we want you to have. Let's look into this together. DM us which iPhone an iOS version you're using.
451411,"@AppleSupport WHY does ""it"" keep autocorrecting to ""I.T."" This NEEDS to be a priority",@222044 We certainly appreciate you reaching out to us. Go ahead and reach out to us in DM and we'll be happy to continue there.
701609,@AppleSupport Beyond frustrated that the glass back on my iPhone 8 has cracked. I didn’t even drop it and it’s always had a case on it. You all swore to us that it was durable but clearly that isn’t the case.,"@287492 We want to help with your iPhone 8. To look into options for your iPhone 8, please share with us in DM which country you are located in."
2734376,@AppleSupport From others,@544630 This would mean that this has been corrected for you and it's the others that will need to update to correct this.
752187,@15245 @AppleSupport Locked out of I-phone after attempting software update. HELP PLEASE,@190042 We are happy to help. What do you currently have on the screen of your iPhone? Please reply with a DM.
1333691,"@AppleSupport @431133 A new ios version, 2 patches and all i’ve got is a nice slowly and battery killer iphone 6s. Nice job @115858","@431134 We'd be happy to look into this with you. Send us a DM, and we'll continue there."
94891,"I got my phone fixed 2 weeks ago and I just dropped my phone with a case on it ON CARPET from at MOST four feet, and my screen shattered.... @AppleSupport how?","@136626 We're sorry that this happened, so let us help you get it taken care of. DM us so we can better assist you:"
2320402,"@AppleSupport anything I can do to stop my iPhone 7 from crashing constantly and freezing when trying to multitask applications? This is really frustrating, the ios11 update has been nothing but a nightmare 😩😡🤬",@672491 That's not how we expect your iPhone to behave and we'll be happy to look into this with you. Let us know in DM what iOS version you have and we'll go from there. It can be found under Settings &gt; General &gt; About.
84192,@AppleSupport 11.0.2,"@134515 This is a couple versions behind the latest iOS, but we'll try some additional steps first. When this happens, do you have the Music app open? Are you able to use the Music app without any issues otherwise?"
1785462,@AppleSupport big bug... iOS beta 11.1 WiFi switch it's blocked off and I can not turn it on... and now ???,@536436 Let's get this figured out. Have you tried any troubleshooting steps to fix the Wi-Fi issues? Send us a DM.
2207455,"This i shit ain’t fixed, y’all lied @AppleSupport",@517025 Did you update to iOS 11.1.1?
2978776,@AppleSupport Yes I am on that current version and I still get static when playing music through Bluetooth. Matter fact I just paid $150 to get my Mercedes A diagnostic test and was told it was the iPhone.😡😡,@732042 OK! Thanks for keeping the iPhone updated. We have some questions to help us begin isolating the issue. Is this happening for just music or for phone calls as well? How are the speaker and receiver when not connected to Bluetooth? Please DM us.
1906569,@AppleSupport is there an update in sight that fixes my alarm only vibrating when my phone is on silent????,@568071 Let's get your alarms working the way you expect. Join us in DM with a confirmation of the current version of iOS installed.
2227155,"@AppleSupport I can speak in English too here. So what’s the fucking pb w/ ur last update iOS 11! So many bugs, big loss battery, keyboard very slow 😩😤🔫",@650104 That's certainly not what we'd expect you to experience. We'll be happy to assist as best we can. Are you running 11.0.3 currently?
2734112,"Mail toolbar customizations in High Sierra don’t stick, and change at random times. cc @AppleSupport But report filed.","@118501 We'd like to take a further look at this with you, please meet us in DM to continue."
505076,@AppleSupport Now when I go into Apple Music it’s prompting her to sign up for a free 3-month trial. It’s not recognizing that she is part of our Family subscription. How do I fix that?,"@235792 Got it, we want to take a deeper look into this with you. DM us and we'll continue there."
1329239,@AppleSupport ever since I applied the last update my phone is not working properly!,@430138 Let's see what's going on. Send us a DM with some more details.
2018476,@AppleSupport my phone is still not functioning properly; is there a resolution yet ?,@455832 We're happy to help. Check out &amp; try the recommended steps. Let us know if you have any questions.
521317,@115858 @AppleSupport why does my iphone keep crashing?!?,@240055 We want to help! DM us and let us know more about the issues you are having. We can look more into this issue from there.
2286438,"@AppleSupport That was the article I originally found. There is no where for me to downgrade because when I click the “change storage plan” as directed in the article, it tells me that doing so will cancel my family plan. So what else can I do?","@230652 Got it. So if it will not let you sign in to your other account to change your storage plan, you would want to reach out to our phone support to get the storage plan canceled. You can connect with them here:"
852887,@AppleSupport Thanks. Have sent the email already over to your team.,@322606 Awesome. Good eye! Let us know if you need in the future.
2063448,Hey @AppleSupport you know what would be amazing? If my battery lasted more than 6.5 between charges.,@610276 We'd be happy to help. Send us a DM with a few details and we can start there.
2287252,@AppleSupport It’s usually whenever I type in any app. It’s like my keyboard gets stuck for a minute and doesn’t catch up to what I’m typing right away.,"@664548 Got it. Do you have any third-party keyboards installed? Also, have you tried to restart the iPhone since you first noticed this? If not, let’s do that now please."
2069232,@AppleSupport iOS 11.0.2 : is way too buggy! my Iphone 7plus getss so much lag and gets so frozen ! This is so terrible!,@611920 That's not the experience we want you to have. Send us a DM letting us know which country you are in to get started.
1294331,@AppleSupport I lock it and sometimes that doesn’t work. Other times I just let it sit . I’m using 11.0.2,"@216977 After you make sure you have a backup, go ahead and update to iOS 11.0.3 and see if it that helps."
2016225,@596232 @115858 @AppleSupport Same!!!!,@596231 Thanks for reaching out. We have a workaround for this here: DM us if you still need help.
2070045,@115858 actualice mi iPhone y ahora la batería no me dura ni medio día 😡😡😡😡@AppleSupport @2310,"@612184 Since our Twitter support is available in English, get help at or join"
35211,"@AppleSupport why is the new update savaging my battery please, 100% to 1% in the space of an hour, get ya shit together",@123668 That should not be happening. Let us help. DM us more details about this.
2943334,"@AppleSupport hi guys, I just turned off ‘iCloud photo library’ in my settings and it deleted all of the photos on my phone. Can I get them back?",@813136 We'd be happy to help. You can bring your pictures back by turning on iCloud Photo Library again. This article shows you how you can turn iCloud Photo Library off and still keep your photos:
2041675,My iPhone just freezed to death. Had to reboot it. Why is this happening? @115858 @AppleSupport,@603689 We'd love the chance to research this with you. Send us a DM with your iPhone model and iOS version to gets started.
2840363,@AppleSupport Other people,@790407 Thank you. You may see this from other people until they update their devices to the latest iOS version to resolve the issue. What you're seeing isn't related to your device.
590934,@AppleSupport Rang the helpline. Thanks,"@259788 You're welcome, and we're glad to hear that you were able to get through to our Phone Support team."
2609192,@AppleSupport no link?,"@737992 Our apologies, the link can be found in this message here:"
2304554,". @AppleSupport you need to work on this bug, it’s a real self-esteem killer",@584848 We want to help. Follow these steps here for an accurate workout:
1359146,Hey @AppleSupport why does Apple Music crash when I try to edit a playlist,@436870 We'd love to get your playlists back up and running. Can you let us know which device this is happening on?
2596177,"@AppleSupport morning, your #AppleID website appears to be broken",@402090 Our Apple ID website appears to be up and running: Let's find a solution for this issue. DM us here.
2031348,@AppleSupport can you please help me in running the battery diagnostics,@600654 We'd like to know more about what's going on to figure out the best way to help. Send us a DM with the details.
1935779,.... @115858 @AppleSupport I love you (a lot - it’s an intense love)... but the latest iPhone update is INSANELY glitchy 😫😫😫,"@494443 We'd be happy help out with your iPhone. Send us a DM letting us know your iOS version, and we'll get started."
325472,"@AppleSupport It is an MP4 file, I am unable to plug into iTunes as the person sending me the files is across the country, so it would need to be wireless",@193527 How are you receiving and saving the files? DM us:
2743038,"@AppleSupport Hello, Cleaned up the memory, but it did not help",@768332 Hi there. Thanks for giving it a shot! Go ahead and send us a DM and we'll look into this further with you.
2744221,"@AppleSupport every time I open Twitter my music shuts off and won’t let me use both at same time... assistance please, iPhone X",@768595 Thanks for reaching out. DM which iPhone you are using along with the specific iOS version to get started.
31960,@AppleSupport iPad and iPhone,"@123068 Alright, can you tell us what iOS version you're currently on? Also, have you tried unpairing and pairing your AirPods again?"
1086835,@AppleSupport please fix our IOS. I even got a new phone thinking that was the issue just to have the same problems. 😭,@376364 DM us using the link below and let us know what issues you're encountering. We're glad to assist.
849980,@AppleSupport my App Store has been like this for hours. 🙄,"@217828 We can help. To clarify, is it that the app won't download? If so, does this happen on both a Wi-Fi and cellular data connection?"
2306229,@AppleSupport It didn’t fix it.. and it continues to do the exact samthing.,@669067 Thanks for reaching out. We're here to help. DM us so we can look into this further with you.
285744,"@AppleSupport I got a new I 6 and It is disable. Pls help me on this, I haven’t even used it. IMEI __credit_card__ Need ur support on this.",@184075 Hey there. Send us a DM and we'd be glad to help.
2234456,The appstore wont let me download or update anything! HELP! @118936 @AppleSupport,"@651764 Hey, we can help you get those apps downloaded/updated. Which device is this on and what's the software version?"
2638501,@AppleSupport @115990 updated carrier settings now I can’t receive text/Call use Siri or access internet via apps unless I’m on WiFi. Using a 6 Plus... why?,@744648 We understand the importance of needing these features to work properly Let us know if this helps:
287467,@AppleSupport ik weet niet wat er aan de hand is. Maar om 11.30u m’n telefoon van de lader gehaald. En nu heb ik nog 30%.. #watisdit?!,@184507 We offer support via Twitter in English. Contact us for help in your preferred language here:
2372272,@AppleSupport An iPhone 7 please help I was just kidding when I said bitch omg please understand my humor,@684433 Thanks for the details. Send us a DM and we'll go from there.
38209,@AppleSupport And when is the summer free is going to be released?,@124299 We’re also excited for the iPhone X! You can find out more information about available models here:
1941078,@AppleSupport My phone is up to date and it makes it take forever to open apps and to send messages!,@577257 Any steps tried so far? Which country are you located within? Please let us know both details in DM here:
1277215,"@AppleSupport I updated ios 11, i often experiense frozen screens, white screens. I make hard reset everyday☹️Yesterday i reset settings. Nothing happened",@418922 Let's take things to DM from here and we'll get this sorted out together.
2417488,@AppleSupport sent my phone to you for a new battery only to be told it has non-genuine parts. The phone has never left my care for anything support can’t tell me which parts. Now left feeling I was sold a defective phone from the Apple Store. What can I do ?,@694722 We'd like to look deeper into this with you. DM us and we'll continue from there.
2297631,@AppleSupport what’s wrong with your iOS updates??? :),@666998 Thanks for reaching out! DM us and let us know what kind of issues you’re having since updating. We’ll take a closer look at this with you there.
2543982,this whole “ i️ “ shit is getting fuckin annoying @AppleSupport and the shortcut aint fixin it,"@723182 An update has been released to assist with this issue. If you haven’t yet, please back up your device and update it to iOS 11.1.1. For more info, check out:"
1709970,"So I liked the iPhoneX at first- but it makes me dizzy and gives me a headache, it's prob the frame rate I guess. @AppleSupport @115858",@518079 We'd like to see what we can do. Here's something that may help:
1409635,"@AppleSupport Hello! Is it possible to make text larger on iOS Safari? I have the dynamic type on w/ large font, but web text stays the same",@317393 Let's have a look at this. Please DM us.
2665300,@115858 @AppleSupport bruh what is this???,@750940 Here’s what you can do to work around the issue until it’s fixed in a future software update:
934479,"@AppleSupport streaming from Match, 11.0.3 yes. Press skip multiple times, UI of the music app (&amp; control center, etc) stops updating/responding,",@341674 Does restarting have any impact on the issue? Does this happen on both Wi-Fi and cellular? Do downloaded songs play?
2897755,@AppleSupport how do I speak to a human being ! You have my mind eh your service is shocking !! I have a case ID number that stupid automated machine fucks up every time !!,@268732 Thanks for reaching out to us. We are always happy to help. Send us a DM and tell us more. We will look into this with you there.
2293529,"@AppleSupport Definitely on several apps, twitter just stops loading, ebay says network error despite wifi signal showing, as soon as i turn wifi off and on it starts working again",@126810 Got it. Are these issues only occurring on your home Wi-Fi or do you also notice it on other Wi-Fi networks? Do the issues occur when using cellular data? The answers to these questions will help us isolate and determine possible root cause.
2863587,"@AppleSupport @115858 @45871 @2310 @18775 @6376 @109671 @7288 @1112 account under News From Apple. If they aren't legitimate @115858 email address, then why were they on my personal iCloud account? I didn't enter them as contacts. Please confirm which ones are legitimate @115858 email addresses, so that I can block the ones that aren't.",@795091 Let's go ahead and meet in DM and we'll continue there.
1537000,@AppleSupport any chance of some help have sent you a dm,"@476531 We've received your DM, and will be responding there shortly. Thank you for reaching out to us today."
1260972,"@AppleSupport iOS 11.0.3 update, the internet connectivity indicator has not stopped spinning. Tried all fixes.",@415400 Thanks for reaching out. We're here to help. DM us so we can look into this further with you.
1489611,@AppleSupport I’ve got the latest iOS update and iPhone 6s. I just don’t understand why the alarm won’t ring when my phone is on silent?,@465982 We'd like to investigate further with you. Send us a DM and we can troubleshoot more from there.
1468465,"@AppleSupport Umm when I said everything, that included all of the above. You must had already received 1000x complaints by now 4 the same problem, no??",@460854 Including updating to iOS 11.1? Let us know in DM and we'll continue from there.
2945763,@AppleSupport will an iPhone 7 bought in USA have a valid warranty in India?,@152255 We'd be happy to look over warranty options overseas. Go ahead and DM us and we'll continue there.
2634920,Hi @AppleSupport I wish your website was working. Chat windows disconnect for no reason within a couple of minutes and can't schedule phne support calls either. #AppleSupportGate,@723578 We want to help! DM us and let us know more about the issues you are having. We can look more into this issue from here.
2975821,Why everytime I️ type “I️” the letter A and a question mark pop up ?@AppleSupport,@820705 We are here for you. Let's take a look at this further for you. Reach out to us in DM.
2309398,"@AppleSupport No, so far I have only encounter the GPS issue within the #PokemonGo App. I own the 256 GB and currently on the latest OS (11.1.1)",@669818 Let's meet in DM and we can go over a few options.
1781822,Does any one have the stupid #iPhone issue of the screen my screen half bright and half dark @AppleSupport,"@499107 We'd be happy to look into this with you! To begin, feel free to DM us what iOS version and model iPhone we're working with:"
622661,@AppleSupport The battery seems to drain pretty quickly. It lasts maybe a half day at best.,"@267789 If you go to Settings &gt; General &gt; About &gt; Version, which iOS version are you running? When did you first notice the battery drain?"
1136291,@AppleSupport,@387691 We know your pictures are important. Reach out to our Photos experts here:
398841,"@AppleSupport apple pencil has stopped working despite being charged and connected to ipad, any advice?",@210321 We'd like to help. Let's take this to DM and we'll explore ways to provide you assistance.
2269906,"@AppleSupport Hi - When it stops charging, disconnecting the smart connector makes no difference, you have to disconnect &amp; reconnect the charging cable to get it to start charging again. Have cleaned charging socket &amp; tried different charging cable.","@660504 Got it. Are you using the iPad Pro Smart Keyboard, or are you using another accessory? Have you had the opportunity to test your iPad Pro with another accessory that uses the Smart Connector? Let us know via a DM. We’ll keep moving from there."
2948331,@AppleSupport I️ believe I.t is 11.0.3 (15A432),@814275 Let's hop in DM and we'll continue there. Click here:
2015343,"@AppleSupport Does this restore the iPad to its factory settings or when it works again, does it keep everything it had when it started???","@271209 We know how important your data is on your device. To make sure we provide the correct steps to you, let’s move to DM."
2838648,"This is bs that every time there’s an iOS update, I have to agonize over fixing the Mail app on my iPhone. 😡 What’s the deal @AppleSupport? #readytoswitchtoAndroid😭",@790005 Can you tell us what's going on with the Mail app? We want to work with you towards a solution.
2682,@AppleSupport ios 11.0.3 on 6s. Cannot adjust alarm volume so waking up all in my house and neighbours despite ringer being set to minimum!,"@116351 We'd love to help with your alarm volume. Is the option to ""Change with Buttons"" disabled under Settings &gt; Sounds?"
2522559,"@AppleSupport Absolutely nothing happens, just stays in place and I must force close the screen.",@718417 Got it. Please DM us and we will continue from there.
1683537,"Not understanding why, if I️ have portrait mode lock on, does my screen keep turning to landscape .... @AppleSupport",@511725 We want to help. Send us a DM letting us know what type of device you are using.
2593271,@AppleSupport Yes the control center... what’s considered other functions working normally ?,"@734407 The other functions in the Control Center, such as the brightness, Wi-Fi, etc. Tell us in DM:"
1581479,@AppleSupport hi how do I cancel my I cloud extra storage that I pay for each month? Many thanks,@486855 That's a great question! Here's a great article to get you started:
242415,"@AppleSupport 11.0.2 - upgraded after sending tweet yesterday. Better (smoother), but CarPlay still isn’t right.","@173580 What exact issues are you having with CarPlay? Please reply in DM,"
1928562,@AppleSupport The ‘Apple Store’ app does not allow you to update your primary payment information. #iphonex,@421915 We'd like to gather some more information for better troubleshooting. Can you DM us the country you are located in?
603260,@AppleSupport How do I turn off the bedtime reminder on my iPhone?!,"@263306 Hello.Check out this link to learn how to change your reminders: Using another app, like an alarm? Let us know and we'll go from there."
1016445,The @115858 TV has become very buggy of late 😣 @AppleSupport,@360495 Let's get you in touch with our Apple TV experts. You can reach them here:
1612696,Hey @AppleSupport since ur iOS update #11.1.2 here’s what happened-Bluetooth disconnects Maps aren’t syncing Apple Watch disconnected lost my activity Flashlight doesn’t work WiFi doesn’t disconnect My passwords are gone Uses wrong email for iCloud Can’t lock screen on calls,@494860 That's definitely not the experience we want you to have. Let's look into this with you. Were you able to create a backup using iTunes or iCloud before updating? Let us know with a DM.
2072715,"@AppleSupport my iPhone doesn’t connect to car BT properly, battery dies quick, apps close, lag comes, calls don’t work, etc What r u doing!","@613057 Let's help you get this figured out. Follow up with us in DM. Tell us which device, and your version of iOS there."
426699,"@AppleSupport it’s mostly (or all) music that I’ve manually loaded over the years, live recordings or ripped from CDs I’ve purchased.",@216479 Is the missing music still in iTunes where it can be re-synced to the iPhone?
922547,@VerizonSupport @AppleSupport I'm done.,@338999 We want to help. What version of iOS are you running? Does the issue occur with a cellular connection as well as Wi-Fi?
2038350,@AppleSupport why can’t I️ type in outlook anymore? When I️ type it I️ get “A ?”,@602699 Let's help look into this behavior. Please DM us the device and version of OS that you're using.
1155289,@AppleSupport The same issue happens,@165813 Have you yet tried in safe mode?
1327261,"@AppleSupport Yes, I’ve still got it. I used iCloud as it wouldn’t let me use iTunes. I could maybe go back into it tomorrow and try again.",@429668 We'd like to get more info. Let's meet in DM and work on this together.
2773117,"@AppleSupport ios11 update just keeps crashing my phone. Ive had to delete all my apps, my battery keeps dying in two hours. Why does this happen every time you release a new phone?!",@775073 We want your iPhone to work when you need it most. What is the exact iOS version you currently have installed on your iPhone? You'll see this in Settings &gt; General &gt; About. DM us your response.
1463520,@AppleSupport what can I️ type the letter that sounds like “eye” ?? I️,@459695 Thanks for reaching out to us. We've got your DM and will reach out to you from there. Thank you.
1645059,My home button worked JUST fine before my phone died.... 🙄 @AppleSupport wtf,"@502690 We want to help you. DM us, and let us know what's going on. We can look into this."
435841,@AppleSupport hey. Can I report some iOS 11 bugs here? I don’t have feedback on my devices anymore,@218529 We can look into this with you. DM us and we'll continue there.
2036417,So basically my touch screen aint working on my phone.... @115858 @AppleSupport,@602074 We'd be happy to look into this with you more in detail. Please reach out to us via DM and we'll get started.
2039862,@AppleSupport why is my Apple Pay not working? It’s not been working since Saturday ☹️,@361203 We want to help with your Apple Pay. DM us which device and OS you're using this feature on. We'll work with you there.
1172245,@AppleSupport me llego este correo que debo hacer?,@395735 We offer support via Twitter in English. Get help in Spanish here: or join
363735,@AppleSupport This iOS 11 is absolute garbage. Battery life drains so quick(not even a day and that's doing nothing). Wifi and btooth issues,@202199 That's not to be expected. We want to help. Join us in DM and let us know which device you're using.
877132,@AppleSupport Messenger last updated 2 days ago. May be that update that has been buggy.,@328228 You'll find your next steps listed here:
245950,"@AppleSupport lol, nice one:",@174415 Hey there. The iCloud webpage requires Safari 7 or later. You can check out any other requirements here:
407937,@AppleSupport Thank you! My phone was set to backup when the device was plugged in to charge rather than manual backup. How can I check these settings?,"@212247 If you go to Settings &gt; {Your name at the top} &gt; iCloud &gt; Backup, is the iCloud Backup option turned on?"
2381393,"@AppleSupport I can't redownload either. I've tried, iTunes won't do it. It won't log me into my acct. Also, that doesn't solve the problem of the non iTunes purchased music. Is it because of the version of Windows I have?",@686593 Let's take a closer look. Let us know if you're able to log into your Apple ID on the Apple ID website in DM.
2834446,@AppleSupport Hi.I can't sign in to facetime and imessage with my apple id on my macbook and my iphone.I need some help.please.Thank you,@789027 Thanks for reaching out. We'd be happy to help. Please join us in DM to so we continue assisting.
1342666,@AppleSupport @115858 Random reboot on iOS 11.0.3 on iPhone SE. #GoodJobApple,@370627 Thanks for letting us know we’d like to look into this. Can you let us know what app you were using when this happened?
796606,@AppleSupport why do I not have the option to update my iPad to iOS 11?,@309954 We're here to help. What type of iPad do you currently have?
1762269,@AppleSupport I️ need this shit fixed,@530249 Here’s what you can do to work around the issue until it’s fixed in a future software update:
643245,@AppleSupport iPhone SE running 11.0.3 doesn’t happen often,"@240406 Thanks for that info. Have you tried to restart your device to see if this persists after? If not, give that a try. Then DM us."
1131377,"@AppleSupport Since iOS 11 updates, we can no longer upload animated photos to Instagram. Is this issue going to be fixed? I’m an animator.",@386622 We'd like to take a look at this with you. Meet us in DM using the following link.
2562319,@AppleSupport I've already updated to iOS 11.1.1. the problem occurs when I try to enable iMessage. I have already contacted my telephone operator telling me to address you. Thanks,"@727159 The newest iOS software is iOS version 11.1.2, which we just released earlier today. Once you've created a backup and updated to iOS 11.1.2, please try to enable iMessage again. If you're unable to do so, please DM us with the country where you're located."
994477,@AppleSupport Yes. I also do not sync my calendars between my devices b/c iTunes wanted to delete ALL events from my computer.,"@355556 Which model do you have and is iOS 11.0.3 the version installed? Have you tried any steps and if yes, which ones?"
2518165,@AppleSupport What is this “A ?” Glitch? Please fix it.,"@638672 Happy to help. An update has been released to assist with this issue. If you haven’t yet, please back up your device and update it to iOS 11.1.1. For more info, check out: Keep us posted on the results."
877138,Phones been so buggy since the updates :( @AppleSupport help,@328228 We'd be happy to see how we can help. What's going on?
2355018,"@AppleSupport give us a way to go back to 10.3 IOS 11 has ruined my battery life, each update makes it worse! I’m blind, depend on my phone!","@389172 We're here to help and will do all we can to work towards a resolution. To help guide us through troubleshooting, may we get the exact iOS version currently running on the iPhone?"
1738744,@AppleSupport Did this. Still doesn’t work. I️ I️ I️ I️ I️ I️,@202378 Please meet us in a DM. We'd like to share some information with you there:
706894,@AppleSupport it’s imported,"@289004 No problem. Let's move to DM, and we'll continue troubleshooting iTunes there."
1769094,"@AppleSupport Currently that is the only thing I noticed. But my application such as chrome (won’t save either), word, &amp; ppt not functioning normal.","@511084 While you may need to get in touch with those third-party app developers, let's rule out what we can over Twitter. DM us:"
2060888,New IOS update is shocking! It’s killing my battery and slowing everything down! Sort it out @AppleSupport,@609521 We want you to have a better experience with iOS 11. Do you recall when you updated? Please send your answer in a DM.
556958,"@AppleSupport why do I have to restart my iPhone every day because apps (including safari, mail, iMessage) stop responding?",@250051 We're here to help. Which iOS version are you currently running? Let us know in DM and we'll go from there.
1203437,@AppleSupport No not yet. Do I still need to back up my phone when updating through iTunes?,@401359 We'd definitely recommend backing up before updating just in case. You can see how to do that here:
2476276,@670785 @115948 We’re still waiting for that reply..@AppleSupport @115948 @115858 where’s our boost code for the Taylor Swift pre-order???,@707862 We'd like to help. Reach out to our iTunes Support team about this issue: They'll be able to assist you from here.
2548162,@AppleSupport ios11 not letting me recover photos to be deleted. How do I solve this?,"@247114 What version of iOS 11 are you running? Also, what happens when you try to recover photos?"
1386659,@AppleSupport It’s just when I try to click it so the screen isn’t on it just doesn’t work,@442656 Got it. Would you mind please joining us in DM? We'd like to continue our conversation there.
2177400,OH MY GOD @AppleSupport THIS IOS UPDATE IS ASS MY PHONE KEEPS FREEING AND WONT LET ME TURN IN OFF CUS THE TOUCH SCREEN DONT WORK IM NOT GETTING A NEW PHONE STOP PLS,"@638212 We want to help you with your iPhone! Making sure it's running smoothly is priority. Is the device becoming unresponsive when using certain apps only, or is it more random?"
2311877,@AppleSupport what up with the question marks and the random boxes?,@670461 Are you seeing these question marks and boxes appear when you type? Or do you see them on other individual's content? Let us know in DM to begin.
661693,@AppleSupport What a disaster for 6+ users! My phone has literally bogged down since the update (was responsive b4 that). Now it takes 4ever to launch an app and some apps like jabber simply don't function properly. Apple SW quality has plummeted!,@451999 We have received your DM and will be responding there momentarily.
1271108,Şarj hemen bitiyor bu sorun çözülmez ise samsug almam gerekecek @AppleSupport,@417601 We offer support via Twitter in English. Contact us for help in your preferred language here:
450392,Hi @AppleSupport is this a scam email? Assuming yes 😳,@221763 This doesn't appear to be a valid email from Apple. More information can be found here:
1002756,"@AppleSupport Not a single thing!! It was just lying there nonchalantly then boom, a siren",@357358 Let's get to the bottom of this. Which iPhone and version of iOS are you using? Please DM us. We'll look into it further together.
1973558,"@AppleSupport Hey, Apple. The last update messed up my phone BADLY. Siri won't work at all. THANKS. Now what? No one seems to know. iPhone 7",@584472 We want to get this working again. What exactly is happening when you try to use Siri? DM us your reply to get started.
2889450,"@AppleSupport I'm not sure if it's just the current update with #iOS11 but, I'm having issues trying to update my apps. #iPhone #Problems #Apple","@801124 We want you to be able to update your apps, and we'd like to help. What happens when you try to update? Also, are you using a Wi-Fi or cellular data connection?"
2043952,@AppleSupport 3) Any ideas what I need to do so I goes back to how it was before? Spotify is the app I use but it’s since your update 🤡,@604449 Thank you for reaching out to us. We would like to gather more information. Please DM us to get started.
1220020,@AppleSupport BT connection to car &amp; home speakers is a joke since #iOS11 upgrade. Phone locks and freezes. Apps take forever to open #Fixit,@406233 That should not be happening. Let us help. Which version of iOS are you using? You can check in Settings &gt; General &gt; About.
2431305,@AppleSupport 11.1.1,@291959 Got it. Meet us in DM for further assistance. See you there.
52302,"@AppleSupport the new IOS software has completely screwed my phone up - slow, crashes, calls don't get recognised...","@127764 We'd like to look into this with you. Did you already complete the update that was just released, iOS 11.1?"
2004054,The new iOS update messed up my Apple Music 😞😤 it took me SO long to put some of my playlists together and now it’s all gone 😭 @AppleSupport,@592612 We want to help. DM us what version of iOS and what device you are having this issue with and we'll go from there.
550848,@AppleSupport it still says it’s restricted for me,@248334 We have received your DM. Look for a reply from us there shortly.
1595968,Can i use any plug to adapt to my macbook charger? @AppleSupport,@444293 Our Sales Support team will be happy to answer any questions you may have. Reach them here:
2314031,Dear @AppleSupport with 11.1 if a restriction locks account setting it’s not possible to make a purchase by entering iTunes password. Bug.,@250267 We'll do all we can to help here. Let's start by getting you up to date with iOS 11.1.1 Send us a DM so we can look into this further.
2404880,@AppleSupport Hi I need change my Battery in Saudi Arabia but the store say no have price for it we should see the laptop and deal could u help me I see the price online 129$,@691725 We'd be happy to look into your options. Can you DM us the device model you are trying to replace the battery for?
2093755,@AppleSupport i️ why does this happen?,@618644 We want to help. Please DM us.
1467775,Anyone else had probs with iPhone updating to #iOS11? Every app just keeps freezing. Phone gone from super quick to dead slow @AppleSupport,@460691 Hi there. Help is here. Let's check a few things together. Please shoot us a DM and we'll get started:
2977721,Now my phone has the I.T glitch 🙄🙄🙄 @AppleSupport what’s the fix?,"@389853 We're happy to help ensure your keyboard input shows correctly. The first step would be to make sure your iPhone is up-to-date. If you check Settings &gt; General &gt; Software Update, is there an update? If so, back up and install the update:"
2570177,@AppleSupport 11.0.3,@728926 Follow up with us in DM. Tell us if you recently updated your iOS version there.
402660,"@AppleSupport I have not forgotten my password, it is correct. I just get thrown back to the login screen without ""wrong password"" message.","@211256 Got it. Meet up with us in DM so we can see how we can better assist and help with your appointment scheduling, too."
2847546,I purchased an USA model iPhone 7 and it was broke down. I took it grand central App Store for repairing. They said me we fixed the problem. I took the phone and came to Istanbul. It was not repaired has the same problem. @AppleSupport,"@791944 We're sorry to see you're still having an issue with the device. We'd like to isolate the issue, and ensure we find you a resolution. Please send us a DM, so we can better assist you."
87194,@115858 @AppleSupport Thanx for making imovie 1.10.8 unuseable! I cant even find a toolbar! Why ?,"@135082 Hey there! Thanks so much for reaching out to us about the newest version of iMovie! For help finding the toolbar, we'd recommend reaching out to our iMovie team direclty. Click here to get started:"
794575,@115858 @AppleSupport when will the patch for Battery Drainage for iOS 11 be released? This year? Next year? Hating the iOS experience.,"@309449 We know how important battery life is, and we'd like to help. Send us a DM, and we'll get started."
2292216,"@AppleSupport For starters, The whole “I️” issue was not corrected with the update. My “hey Siri” only works 25% of the time, and my phone is constantly crashing.",@665684 Are you seeing this issue with the autocorrect when typing messages or only when reading them? Send us a DM.
2237124,"@AppleSupport No when I restart, it tries to install it. It gets stuck on 36 minutes and then that picture pops up. I am connected to WiFi. And this is the download from the App Store. I’ve never had issues before","@652355 Do you have access to another Wi-Fi network we can try downloading and installing the update over? Also, do you have a Time Machine backup? We ask as we want to be sure your data is secure before advising on further steps. Please DM us:"
2616485,"@AppleSupport Hi, and thank you for your awesome twitter page. I am currently in the USA, but I am planning to go and live in France soon. If I buy a MacBook Pro here in the USA, would the warranty be valid in France (i.e. I could send my laptop to be repaired at Apple France)?",@146555 Hey there. We'll be happy to answer that for you. The limited warranty on the MacBook Pro is available internationally. You can learn more here:
2706892,Not a fan of my phone dying on 70% or just randomly freezing🙄 (ive never dropped it or got water on it or anything) help a girl out 🙏🏼x @115858 @AppleSupport,@760198 Let us help you get this sorted out. Can you tell us which iOS version you are using please?
2622716,"@AppleSupport my activity ring is not recording properly. I cycled for 1:03:02, recording on my watch cycling activity and is says I exercised 2 mins. Do you have a solution for this!?",@740957 We're here to help. DM us the country you're located in &amp; we'll go from there and explore some options for you.
1010818,Having lots of issues with notifications since updating to iOS 11 @AppleSupport and so are a lot of people...,@359192 We'd like to take a look at this together. What seems to be going on with your notifications?
52326,@AppleSupport You guys have already messaged me in a DM about this and had me do this. It didn’t work. Literally 3 times you’ve recommended this.,"@127769 It's important to have the latest software installed. If you'd like to continue together, please DM us &amp; we'll pick back up there."
1485385,@AppleSupport wth is up with the letter I️,"@464933 If you're having issues today, you've come to the right place. Meet us in DM and we can proceed:"
1575047,Tf going on @AppleSupport,@485369 Try out these steps: That should correct the issue. Let us know.
2728286,"@AppleSupport Checked time- battery at 54%, checked again 5 minutes later, it was down to 13%. Phone was doing nothing in between. This only happened since installing ios 11. I’ve done all I can think of to reduce battery drain. Help!!","@764997 Hey there. We appreciate you reaching out. What model iPhone are you using, and what is the exact iOS version installed in Settings &gt; General &gt; About? Also, let's make sure your settings are adjusted for improved battery life as listed here:"
296807,@AppleSupport I’m not subscribed to Apple Music. I can play it from the app.,@186705 Go ahead and send us a DM. We will help you with playing your music from there!
2253471,"@AppleSupport It happens on all apps. Yet, when I place an object up close it focuses.",@656457 Can you take a look at the steps in this article and see if they help? DM us the results:
2585599,@AppleSupport this a brand new iPhone 8 Yo. Why my shit freezing up?,"@732661 We'd like to help. Do you know what version of the iOS is on the device? If not, you can check under Settings &gt; General &gt; About &gt; Version."
1434855,@AppleSupport just upgraded with iOS 11.3. Constant problems phone turning itself off and running slow. How can this be rectified? Thanks.,@453148 We'd like to help. Do these issues occur while using a particular app? Please let us know in DM.
1765941,"@AppleSupport I know what it is, it just looks a bit misplaced to me.","@154498 Those options are supposed to be there. If you ever need us in the future, feel free to reach out. We're here to help."
2858293,why?? HELP @AppleSupport @115858,"@794339 We'll do everything we can to help you out with this. Before you update, we recommend creating a recent backup in iTunes, or iCloud. This article has great steps for troubleshooting issues with updating over Wi-FI:"
690761,@AppleSupport I can’t get the update,"@285046 Having your device up to date is important &amp; we'd like to help. So we're clear, what happens when you attempt to update?"
2374382,@AppleSupport I need a new iMac and some advice. Trying to schedule time at an Apple Store but next to impossible to find out how to call the store. How do I schedule time anymore?,@684943 We'd love to help. Are you looking to solely purchase a new iMac or are there issue with an existing Mac? We ask as appointments aren't needed to purchase. They are only needed for support provided at the Genius Bar.
300585,"@AppleSupport why does every group chat come up when I type a contact name, rather than the most frequent used contact!! Hate this update !",@187665 Please shoot us a DM and let's take a look.
1864098,@AppleSupport since IOS 11 iPhone and iPad running a lot slower and eating battery faster than before. I’m beginning to believe the conspiracy theories. Do you really muck up old tech so we buy new. Ps it isn’t going to work. Hello @125607,@556944 We're reaching out to lend a helping hand with these issues. Meet up with us in DM at the link below so we can get started.
1241118,@AppleSupport I restarted but no luck... 2nd screenshot after restart...,"@411120 What app were you in when the keyboard came in like this? Also, were you trying to rotate it to landscape?"
2322525,@AppleSupport since morning !!! What happened apple ?? Should be every week format my iPhone ??,"@672984 We can get to the bottom of this. Have you tried to force restart your iPhone? If not, follow the steps for you iPhone model here:"
2185551,@AppleSupport Why yes I do,@640072 Excellent. What version number shows in Settings &gt; General &gt; About? Do you see any unexpected battery usage?
2679287,I’m not happy @AppleSupport 😣 since update my ipad does not delete apps,"@753893 We're here to help. Power your iPad off and then back on, are you able to delete apps at that point?"
208029,@AppleSupport Haptic feed back isn’t felt with 3D Touch everytime,@165214 Excellent information. What is the iOS version number on your iPhone 8 Plus at this time?
326749,"@AppleSupport Any other suggestions...? 🤔 At current powerusage, if I had a spaceship, I’d arrive at Mars by 8pm tonight... 😩",@186239 Let's meet in DM to investigate this further.
2417425,updated my iPhone but the “I” thing still is not fixed 🚮 @AppleSupport @115858,@363597 Let's have a look at this together. Can you please DM us?
1648406,İos 11 bir türlü götü toplayamadı yav. Üst bildirim ekranı gelmiyor şimdide. Bu nasıl güncelleme cancağızım @AppleSupport ?,@503582 We offer support via Twitter in English. Contact us for help in your preferred language here:
2320077,"@AppleSupport hey, when will available again IPhones X at NYC stores?","@672413 Hey there. Great question. To check in store device availability, we recommend reaching out to the store directly. To locate their info:"
1717423,@AppleSupport Pound sand,"@520040 If you would like for us to take a closer look at your device with you, feel free to meet us in DM here:"
438066,@AppleSupport i already dm’d you the answer to that question,@157944 Alright. We'd be happy to look into this with you further. DM us using the link below and we'll go from there.
331720,@AppleSupport the new update deleted all my music... thanks,@194993 We know how important your music can be. Which device were you using? Let us know in a DM.
1623364,@AppleSupport No reply?,@497279 We are here to help whenever possible. DM the specific iOS version you are using to get started.
1891221,"@AppleSupport I have had a couple of emails from you regarding security on my account but I’m not 100% convinced, can you help?",@563979 We're happy to help. Here's info for how to avoid phishing emails: DM us with questions.
992374,@AppleSupport Phone getting hanged frequently &amp;apps are crashing( app icons are disappearing from the screen)whatsapp icon used keep on blinking,"@355063 Understood. Meet up with us in DM with the specific version of iOS you have installed, and we'll take a look together."
1335362,"@AppleSupport oh it’s only happening in my self made album playlists, so maybe a sync with Mac tonight may sort it. In Library: Albums the order is fine","@431516 Thanks for that update. After you sync with your Mac, let us know what you discover by meeting us in DM. Use this link:"
2519451,I am so blown away by how incompetent @AppleSupport staff is and how I just gor hung up on. Thanks alot. Ive been trying to get help from them for 4 Day!,@717659 That's not the support experience we want. Send us a DM with details of what is going on. We'll see what we can do to assist.
2410177,"@AppleSupport wassup with this ""I.T"" business? All I want to say is "" it ""","@692962 We're glad you reached out, we want you to be able to say what you mean! As a starting point, let us know what device you're typing text on. We're here for you."
2799469,@AppleSupport Awesome thanks for the quick reply,"@781048 Sure thing, glad to help!"
2227082,@AppleSupport iOS 11.0.3,@162157 Great. Let's chat more in DM. Meet up with us here:
2476153,It's clear that my iPhone is pretty much done-zo after updating... apps won't stop freezing and basically not useable at all anymore. @115858 @AppleSupport,"@707827 That definitely isn't how we'd like you to experience your iPhone, so we'd like to help! Can you confirm which iPhone this is and the iOS version that you're running? Did you check for updates to apps? Also, check out this article for help:"
695360,@AppleSupport I also don’t understand why Bluetooth keeps randomly being connected when it should be switched off.,@285847 DM us what iOS version you're on and we'll look into this a bit further.
2918925,@AppleSupport @807894,@807895 Thanks for reaching out and the screenshot. We'd like some details to assist. Which iPhone model and iOS is this occurring on? Let us know and we'll continue.
2122467,"I can’t update anything anymore on the AppStore @AppleSupport , can you help me please?","@625286 If you're unable to update your apps, we're here to help. Power the device off and on again, does the issue persist?"
1434231,@AppleSupport que puedo hacer para arreglarlo? Aparece al rato de encenderlo,@452996 We offer support via Twitter in English. Get help in Spanish here: or join
1680867,@AppleSupport when I️ type the letter I️ I️ it takes multiples tries just to select I️. What’s up with A? See photo,@326966 Here’s what you can do to work around the issue until it’s fixed in a future software update:
289093,@AppleSupport since downloading new software ph. Indiscriminately turns on WiFi &amp; Bluetooth after I keep turning off. Reason why??,@184884 Which device and version of iOS are you using? Do you disable Wi-Fi from Settings or Control Center?
2729058,Has anyone figured out what’s causing the iPhone Bluetooth to automatically activate @AppleSupport?,"@222841 We'd be happy to help! To make sure we're offering accurate information, can you confirm your current iOS version for us? This can be located at Settings &gt; General &gt; About."
1086059,@AppleSupport when will the pre-approval for IUP members be available for the X pre-order?,@376181 We'd like to get you to our Apple Online Store. Please reach an Advisor here:
2835905,#Apple @AppleSupport it would be great if sometime soon Apple software could allow a picture attachment to be added to the Calendar for diary events,"@789362 Your suggestions and feedback are an important part of what helps us improve our products. To make sure it gets to the right place, submit it here:"
453994,I’m trying to download a free game but it isn’t letting me get it. Getting told I need to update my card info and billing info but nothing has changed but when I put the correct info in it’s coming up this. What can I do @AppleSupport,@222745 Thank you for reaching out. Check out this article for more information on payment methods for the App Store:
1795992,"Ok @AppleSupport, am I the only one regularly having syncing issues with your iCloud photo optimization? Even when on wifi I’m often stuck with crappy pixelated versions because it can’t seem to connect to the server to pull-up the full res versions.","@539661 Thanks for reaching out! With this, the images on your are optimized. To replace with Full-resolutions are stored in iCloud."
2429284,@AppleSupport WHY DOES MY MUSIC PAUSE EVERYTIME I OPEN ANY OTHER APP? SO ANNOYING!!,@697438 Let's work on getting to the bottom of this. Does this happen when you open every app or does it seem to be a particular app? Which device are you using?
588105,@AppleSupport just got a replacement phone. Roaming is off but it keeps connecting to WiFi. How do I stop this??? I don’t need it connecting or trying to connect to any WiFi I’m near. Thank you,"@258978 Thank you for reaching out to us. Let’s work together to find the best course of action for this issue. To start, is Wi-Fi turned off? You can check by going to Settings &gt; Wi-Fi."
1946952,Snapchat... @AppleSupport,@538198 Let’s work together on this situation. Could you let us know more details via a DM? We’ll move forward from there.
1133230,@AppleSupport 6s and the latest version,@387026 Thanks for that. Go ahead and let us know your country/region within DM here:
2353604,@AppleSupport where are with you fixing this emoji problem we are having I’m tired of seeing punctuation,@680083 We want to help! What model of iOS device are you using? Do you have the most recent version of iOS 11.1.1 downloaded?
2730445,"@176778 @115858 @AppleSupport Este no es un problema del teléfono, lamentablemente. Es un problema del shoddy OS.",@765497 We offer support via Twitter in English. Get help in Spanish here: or join
824764,@AppleSupport So far it has only happened once,"@316427 For now let's see if the issue re-occurs. If it does, then we can see what the pattern is behind it."
1551364,Ok @115858 @AppleSupport which one is it?,@480067 We can help. Let's work together in DM.
2352181,Literally had my phone on charge all day the battery is shocking @AppleSupport,@679757 Having reliable battery life is important! Let us help with the battery life on your iPhone. DM us your exact iOS version. We’ll continue working there.
206471,"@AppleSupport ios 11 broke my airdrop, help pls.","@164888 Help is what we do best, you've come to the right place. What's going on with AirDrop?"
1647438,@AppleSupport Fix the i️ am shit or i’m going to droid,@503329 Here’s what you can do to work around the issue until it’s fixed in a future software update:
1201330,@AppleSupport Unfortunately that didn’t work either! Any other ideas?,"@402260 Thanks for giving that a shot. Send us a DM with the country you're located in, and we'll go from there."
816401,@AppleSupport if one of my devices won't turn on like it's just sitting on the apple what are some ways to get it to turn on?,"@314418 We're happy to help out. Are you using a Mac, or an iOS device? Which model?"
825546,@AppleSupport why does my new laptop have a charge thats supposed to last 10 hours but it lasts 2 if i'm lucky?,@316621 Battery life is important for portable devices. Let's get you back working order. Try this first:
2777552,@AppleSupport does Apple Canada have a trade in program? I have a iPhone 8 Plus wondering what if anything I could get for it toward an iPhone X,"@201000 Hey there, thanks for reaching out. Check out this link for more information:"
159608,"@AppleSupport Hello there, I’m having trouble with Apple Music. Sometimes my phone says it’s downloading a song and they never download till I restart my phone and even after that they never downloaded. Also new albums on Hip/Hip never show up till a week later? What’s wrong ? :(",@152746 Let us help you get this sorted out so you can enjoy your music as expected. Which iOS version are you using on your iPhone?
1201349,@AppleSupport,"@402265 Thank you. It looks like you're fully up-to-date. When you try to use the faded app, is it working normally?"
2057775,"@AppleSupport, very disappointed by iOS11+ versions. Drains battery like crazy. Phone freezes. Please fix.","@608591 Let's work together in DM, so we can help get things running smoothly. We want you to enjoy iOS 11, and we're here to help!"
2148139,"@AppleSupport @115858 y’all can take away a gun emoji with a quickness, but takes a life time to fix I’s?",@631389 Here’s what you can do to work around the issue until it’s fixed in a future software update:
2041059,@AppleSupport I factory rested it rested but it did nothing,@603495 We know how important it is to get your phone up and running. We want to help. DM us what you are currently seeing on your screen.
2299357,"@AppleSupport I bought @641432 no ads for £3.99 from App Store, it Now needs an update but it says not available in uk store. What do I do? Will my one eventually stop working? Is there an alternative?",@667404 Thank you. Please reach out to our iTunes Support team for help with your question. You can follow this link to get there:
1537016,@AppleSupport I have Lightning headphones. How can I use them on macbook air &amp; iMac?,@476535 Please follow up with us in DM and we can go from there.
2113868,@AppleSupport is VPP store down? Can't search for any apps.,@427257 We're here to help! Tell us a little more about what is going on in a DM and we'll continue there.
2021545,@AppleSupport WHY DOES MY PHONE KEEP GLITCHING WHEN TYPING,"@597863 Hi there. Please send us a DM and describe what you mean by ""glitching"". We'll meet you there to help out."
2712563,all my ibooks are GONE what happened to them @AppleSupport,@761554 Thanks for reaching out to us. We'd like to help you and look into missing iBooks further. Please DM us to continue working on this.
2705011,@AppleSupport I’ve updated iOS twice in the past week and I still have the text glitch occurring.,"@759715 Are you seeing the error when typing your own messages, or when viewing other people's messages? Please know for messages from others to not show the issue, they would need to fix things on their end. If this is occurring in your own messages, join us in DM."
486105,@AppleSupport Is there no way I can use a direct email to talk with a member of customer services please?,"@230642 Thanks for reaching out to us for support. We would love to help you. When you have a free moment, please check out the following link to learn about the various ways that you can contact us:"
1356398,@AppleSupport At least 3 depending on use and yes all official apple cable and adapter,"@436261 OK, thank you. We'd like to look into this a bit further with you. Please DM us about your battery and we'll continue there."
2296298,@AppleSupport can you tell me why the call ring tone is the general default tone rather than the one I have downloaded and had for years on my iPhone,@320377 We'd love to help. Have you tried toggling the ringtone to see if that's still set up correctly?
1538080,"@AppleSupport any tips for getting past the iOS update 11.1 on iPhone X. Seems to be stuck. Tried reboot, start over, x4 :(",@476816 We're here to help. Do you have access to a computer with the latest version of iTunes?
550853,"@AppleSupport No, I get the message when I am sending a text message to someone. They receive the message but I still get a failed to send notification message. Not 100% of the time but quite often.",@248335 OK. Send us a DM and tell us which country you're located in. We'd like to look into some additional support options for you.
2728209,@AppleSupport In setting software updation option not available...,"@161399 Are you attempting to update over Wi-Fi? If so, we'd like to share this guide. Let us know if these steps help: If necessary, will it be possible to connect to a computer and update via USB using the iTunes application?"
453883,@AppleSupport Yes. In that setting I have tried both on and off,"@222712 Thanks for letting us know, when did you first start to notice this? We’ll want to look into the details of the iOS software on the iPhone. Please confirm the iOS version number by going to Settings &gt; General &gt; About."
199437,Thanks @115858 I've just upgraded my 2016 #MBP to #highsierra and now I've lost all #audio and now have a super buggy #mac @AppleSupport,"@163016 We're here for you! Send us a DM, and we'll take a closer look at your MacBook Pro together."
1470867,".@AppleSupport with iOS 11 iPad I’ve lost ability to type an ellipsis character, used to hold . on number keyboard for it. Where is it now?",@461415 Thanks for reaching out. New functions can change how we work. Have you tried holding on the period? Let us know if this works.
373372,@AppleSupport Cannot open any app downloaded from the App Store. Just sent a DM,@204476 Thanks for reaching out. We're here to help. We got your DM and will continue there.
2021764,"@AppleSupport iOS 11, when the phone is locked, screen is off, an upward motion of the gyro turns the screen on. Is this configurable?",@597933 It sure is. You can learn more about the Raise to Wake feature here: Questions? DM us.
2064220,@AppleSupport can you explain how to get around this bug? I'm clearly connected to the Internet,@197942 We'd be happy to look into this with you more in detail. Please reach out to us via DM and we'll get started.
1890206,"@AppleSupport Jesus please update IOS 11, this update just keeps my phone crashing and freezing I can’t even use my phone barely... 😷","@563691 We'd like to hear more, in DM, about what happens when things are crashing. Is the iPhone restarting or are apps quitting?"
267755,"alô @AppleSupport meu touch id não tá funcionando depois dessa atualização, vamos querer né !!!!","@179840 Since our Twitter support is available in English, get help at or join"
394585,@AppleSupport I found a link where someone explained it. It’s just the password to log in to your comp. No idea that was an iCloud password.,@209487 We're glad to hear you were able to get this figured out! If you need anything else just message us again.
1141039,@AppleSupport Maps Routing &amp; Navigation are down again,"@388587 Thanks for reaching out. As you can see from our System Status page, these services are up:"
2729171,@AppleSupport yes just tried it with wifi turned off and the same error message....,"@765195 Thanks for checking on that for us. We'd like to have you take a look at the troubleshooting steps outlined here: Scroll down to the section titled ""If you can’t reach the update server or can’t verify the update"". Let us know if this helps."
210551,Hey @AppleSupport - what’s up with the iPhone ringer being FULL BLAST regardless of the setting since the last update? Annoying please fix..,@165824 We'd like to better understand what's happening. Which model do you have and is iOS 11.0.2 the one installed?
1615426,@AppleSupport i think i did it!! thank you!,@495457 Glad to hear that helped! Let us know if we can assist you with anything in the future. Have a great day!
1565178,"@AppleSupport It opens only the messages, you have to go back into messages, create new message, enter the mobile number or contact name to be able to sms",@483208 We're happy to assist. Which iOS version are you currently running? Go to Settings &gt; General &gt; About for the version.
2870770,"@AppleSupport Fallas en Mail y Contactos con actualización MacOS High Sierra. Mail me borró las ""firmas"" de todas las cuentas. En Contactos mientras doy de alta un nuevo contacto se sale de la pantalla de captura",@797139 We offer support via Twitter in English. Get help in Spanish here: or join
1997087,"@AppleSupport I beg you speed up my phone recovery, 3 days is taking the piss","@590505 We understand. The more info you provide, the quicker we can get you back in. Tap here for tips:"
808250,"@AppleSupport battery isn’t lasting nearly as long as it did before the update, it’s 11.0.3.",@312585 Let’s team up in DM and we’ll do our best to assist you.
2794416,@AppleSupport This keeps popping up? Even when I had 100% &amp; my phone was plugged in i still had this.,@779817 Have you tried using iTunes to update? Be sure to back up first:
293398,@185883 @AppleSupport @115858 Please fix battery issue for iPhone 7 Plus!! I have to charge twice a day! The battery tickle fast! I felt stupid updating the new iOS,@185882 Let's help. Please reach out to us via DM and we can go from there together.
2422557,"@AppleSupport Hi, What is the update problem in 11.1.1 ? What is the solution to this ?","@695794 Are you having trouble with your device? If so, send us a DM with details on what you're experiencing."
2374385,"my phone got a new battery today, so it's on 100% for the first time in months, but it has also been frozen on the Settings page for nearly three hours. factory reset doesn't work bc it's locked too, somehow. i love you @AppleSupport !",@684944 We'd be happy to look into this with you. Send us a DM.
2041512,Clearly I am. Wtf @AppleSupport,@603629 We're happy to help. Take a look at the steps here: sends us DM if you need more help.
2581991,@AppleSupport Can't retrieve mail on and I'm sent to System Preferences to try to fix it. Every time I input my password I get this error message.,"@731759 Got it, thanks for the screenshot. Please send us a DM and let us know which macOS version your device running, and we'll work on this together from there."
2614259,"@AppleSupport Yes, it wouldn’t work no matter where in the city I was. Maps is turned on in cellular.",@476705 Thanks for the info! Let's try some steps to get this resolved. Please check out the guidance here and report back with the result:
1168847,@AppleSupport why does my phone say “No Service” after I updated my phone.,@394935 Hey there! We saw your DM and we'll meet you there.
1897896,@AppleSupport yeh tried restarting &amp; it still hasn't downloaded any emails for 6 days 😔,@544654 DM the country or region where you are currently located to continue.
925536,@AppleSupport i just take my neighbor Wifi,"@339643 Thanks for trying that. To help us dive deeper, can you please DM us?"
2341816,@AppleSupport Its there for sometime now. Its in the call app. Canno move the call thing back and forth. Its after the update to high sierra.,@677385 Thanks for clarifying the application. Are you able to restart your Mac or Force Quit the app? This article walks you through forcing an app to quit on a Mac:
2709169,@AppleSupport my apple id has been disabled for no absolute reason. how do i fix this?🙄,"@760778 We want you to be able to use your Apple ID securely &amp; efficiently. Try the steps mentioned here: If you still have issues, reach out to our Apple ID experts here:"
2291598,"@AppleSupport how can I put my iPad back to IOS 10 IOS 11 is terrible, the keyboards messed up I don’t know where things are anymore, I can’t watch YouTube while messaging my friends anymore, is there a way I can go back to IOS 10","@665542 While you can’t revert to an earlier public iOS version, we’d love to chat with you about your keyboard in iOS 11. How is it not working right? Also, is this only happening in the YouTube app?"
2806700,@AppleSupport Ipad can't connect to activation server after updating? help?,@782798 We've got your DM's and we look forward to working with you there.
1007574,"@AppleSupport I am using iphone 6s plus and ios 11.0.3. Yes, this is the only app,facing issues.","@358428 You've come to the right place! Is there an update in the App Store for Facebook? If so, let's install it and test, please."
53596,"@AppleSupport And if I delete the alias and create a new Apple ID, could I bring all of my devices and purchases to the new one?",@128115. Please DM us so that we can continue to look into this together.
2789185,@AppleSupport i have 2 different bluetooth devices that both experience the same issue. i always have my phone about less than 3 feet from the device. this does not happen with traditional wired headphones or with the built-in speakers.,"@778554 Thank you for narrowing that down for us. Try toggling Bluetooth off at Settings &gt; Bluetooth for a few minutes. Let us know in DM if it steadies the connection, even if only briefly, after turning it back on."
563092,@AppleSupport I was on iOS 11.1 and I didn’t see I had an update but I updated it to 11.2 just now and my music works just fine,@251816 That's great. We always recommend staying up to date to ensure full compatibility.
1738833,@AppleSupport Why am I getting this 30-40x a day since I got my iPhone X??? Never had this before...,@524819 We're here for you! Let's take a look at this issue together in DM.
1329313,@AppleSupport Ever since I downloaded IOS 11 my apps keep freezing and I keep having to close out and try again,@430159 Send us a DM and let us know what version of iOS 11 you're running. We'll go from there.
1130564,"Fica assim, só dando “sem serviço”, @AppleSupport obrigado!","@386440 Since our Twitter support is available in English, get help at or join"
2343796,@AppleSupport I think their is a scam happening. I received this text and a phone call immediately. Didn’t answer the call.,@470970 Let’s take a closer look into this together. Send us a DM to continue.
2116829,@AppleSupport,"@623922 Thanks for reaching out. This article has more details on that behavior, including how to address it:"
2152167,"Hi @AppleSupport, Four original Apple cables. None of them work. More annoying than your software issues. Please fix.",@386794 Let's see what we can do to help. Send us a DM with more information on these cables.
2078799,@AppleSupport what the hell is this? My turned on to this!? What is this!?,"@614808 Let's try restarting your Mac by following this article, and DM us if this continues:"
2261456,"I * ugh!!! Come on @AppleSupport I need you guys to fix this I️, like asap!","@658429 Let's look into this for you. iOS 11.1.1 was recently released and it includes a fix for autocorrect issues. Be sure to back up your device prior to updating, How to back up: DM us if you run into any issues."
594637,@AppleSupport no the screen was off and black and only siri was working and the phone was still on,"@260880 Got it, thanks for clarifying for us. Did your iPhone eventually start working normally on its own, or did you take steps to get the screen working again? Has this ever occurred before, or was this the first time you've seen this happen?"
748823,@AppleSupport 11.0.3,@299007 Let's take a closer look. Reach out via DM using the link below.
2945646,@AppleSupport the /opt folder that I created to keep many very useful things was deleted during High Sierra upgrade. Is this behavior documented somewhere so I can understand what happened (and not repeat)?,@813647 We'd like to help! Send us a DM with additional details to continue.
2289408,"Drove 180 miles to the store in ft worth, tx to my genius apt to fix my mac only to have the store ""unexpectededly closed."" Thanks for not even notifying me @AppleSupport @115858",@665107 We'd like to work with you on your experience. DM us more about what happened once you arrived at the Apple Store here:
2435296,@AppleSupport is there a problem with your Apple ID server? It’s not recognising my password on iTunes,"@698744 All our systems are up and running. To verify, are you able to sign in to the Apple ID website?"
1419634,@AppleSupport ???,@217314 We can help. Tell us which software version you're using in DM. Click here:
690439,@AppleSupport I need help figuring out why my Bluetooth is turning itself on automatically.,@538191 We want to help! What model of device are you having this trouble with?
168895,"Ever since I updated my phone, it’s been acting up. @AppleSupport I will sue you guys.",@155300 We want to help you out. Send us a DM and let us know what iPhone and version of iOS you are running.
2309582,@AppleSupport your update didn’t work,@669867 So we can look into this with you. Can you please message us in DM?
1355136,Hey! @115858 @AppleSupport I am planning to buy the new macbook pro.Can you tell me the best time to buy it at the best price.,"@436002 We'll point you in the right direction. For questions about purchasing, connect here:"
1296295,@AppleSupport Apple Man U guys suck a lot !! even thou I like ur devices it sucks that u take out firmware’s without being sure.,@422990 We'd like to look into what's draining your battery. Please send us a DM with which version of iOS 11 you're updated to.
1246453,@115858 @AppleSupport I’m having trouble verifying my @45780 Card is there any other way to do it beside call the bank?,"@178437 Thanks for reaching out. Are you looking to use the card for the iTunes &amp; App Store, Apple Pay, or both? Let us know in a DM."
188366,@AppleSupport Hello there. Pls help me with this. It happens quite often. Thank you kindly 👍🏻,@160199 We'd love to help out. Can you tell us which steps you've tried so far? This way we won't have you do any steps over again.
2618330,@AppleSupport Im running the latest firmware i close all of my apps,@739947 Got it. Let's go ahead and meet in DM and we'll continue there.
1640750,@AppleSupport Thanks but I’ve already done that and it’s still doing it. How long is the update gonna take?,"@501602 Let's work on this together. To continue, please send us a DM with the link below."
1689957,"Anyone else out there notice that IOS update 11.0.3 messes up their font settings on the iPhone? Don’t fix what ain’t broke, @AppleSupport",@513063 We're here to help. Let's meet in DM to investigate further.
2678269,@AppleSupport hello I’ve been charged twice for my LinkedIn subscription. Is there any way into get a refund for accessa mount charged?,"@753678 Thanks for reaching out, we're more than happy to help get you directed to the best place for support with charges from subscriptions. You can get started by reviewing the information in this article:"
52258,@AppleSupport There’s an update available for 11.1 but friends that already updated are experiencing the same issue.,@127752 Understood. Please DM us and we will continue from there.
602389,@AppleSupport why do I have on my new IPhone 8 Plus such a bad WLAN and Cellular Connection? Full bars 10mbits/ sec. iPad Air 2 same position 90mbits/sec @115858,"@262991 We’d love to assist with the Wi-Fi connection on your iPhone 8 Plus. To begin, which iOS version is installed on it? Also, what exactly is happening with the connection (e.g. frequent disconnects, doesn’t connect despite showing as connected, etc.)?"
2343643,@AppleSupport and on top of that why is my iPhone 7 so shit. Keeps crashing all my apps and sometimes it just freezes and reboots.,"@677811 We're here to help. Can you tell us which version of iOS you're using? Also, can you tell us when this issue began?"
2845694,Dear @AppleSupport I am using iPhone 6S and updated iOS 11. I am turn off wifi connection but it’s auto turn on till morning. Due to technical issue I am facing battery discharging and other disturbance updates. Resolve it ASAP,"@791526 We'd be happy to look into this with you! Regarding the Wi-Fi, are you turning it off in Control Center? Wi-Fi in the Control Center has changed with iOS 11, check out:"
51625,@AppleSupport In every app except iMessage,"@127589 Let's take a deeper look! To begin, feel free to DM us what country you're currently located in:"
1620614,"@AppleSupport Thanks, what about the battery issue? Is @115858 going to fix it? I need to charge my phone twice a day now. @AppleSupport",@496685 We'd be happy to take a further look into this. Send us a DM &amp; we'll continue there.
569261,@AppleSupport iOS 11.2 but its been happening since iOS 11.1..,@253585 Thank you. Which country are you located in? Please reply in DM.
2553981,@AppleSupport Battery lasts only for 3 hours after full charge. This is happening post upgrade of iOS,@725334 Let's meet up in DM. Please tell us which version of iOS you have installed on your iPhone there.
445992,@ATT @115858 @AppleSupport there is some major bug and glitch in #IOS11. Why is my phone showing ATT WiFi signal and why am I getting calls on airplane mode?? Quality at Apple is deteriorating. @116333 you have to address this security issue ASAP. @121927 @220626 @132459 $aapl,@220625 You've reached the right place for support. We're happy to answer all your questions. When did you first notice these issues? DM us with the model of iPhone you're using to continue.
2803414,@AppleSupport 11.1.1,"@781987 Thanks for that information. The first step that we'd like to go over with you, is to backup and update your device. Here's how:"
2081291,I put my phone on dnd...... Why am I still being disturbed?@AppleSupport,@615489 We'd be happy to help with the Do Not Disturb feature. Can you DM us your version of iOS and what's happening exactly?
2109852,@AppleSupport How can I set a new ringtone from a mp3 with Apple Configurator 2? #Help,@563335 Thanks for reaching out. You can get help with Apple Configurator here:
1063103,@AppleSupport I am having issues with email downloads and my phone isn’t recognising a lot of my contacts but they are still in contact list,"@371024 We can help. Give us some details on what you’re noticing with email. Also, what happens when you try to access contacts?"
2779284,@AppleSupport Thank you! Is it possible to remove latest update? So many had the same issue with their phones at Apple store yesterday. Was told there isn't much they can do about it and will probably have to purchase new phone. Basically too bad! 😐,"@774572 While we don't have an option to move back to a previous update we're always happy to work through any issues anyone has after an update. If you have further questions, reach out to us in DM with the link below:"
1967258,"@AppleSupport iOS 11.0.3 is the worst iOS, The battery is draining fast! Send the new update ASAP!!!!","@582964 Hey, we can offer some suggestions regarding the battery life. Meet us in DM, and we'll work together from there."
2021648,Y'all my phone still hasn't gotten the iOS 11 update. Helpppp @AppleSupport,"@597893 We'd love to help you get your update! Which model iPhone do you have? Are you trying to update over Wi-Fi, or through iTunes?"
352840,"@AppleSupport after updating my MacBook to High Sierra it continuously runs fan, drains battery and CPU usage is always 100%+. Please help.",@199887 We'd love to help with this. Follow these steps to reset the SMC and let us know how it goes:
2301147,@AppleSupport Keeps denying grandmas storage upgrade🤔,"@667860 We'd be happy to help in any way we can. Since our support is available in English, could you translate the error message you're receiving? Have you tried restarting the iPhone since attempting the upgrade?"
627916,@AppleSupport Says there is no uk chat available ????,"@125170 Sorry about that, Jen. Try the chat link at the bottom of the UK page here: If chat is not available, you can also call the Sales Team directly with the phone number provided. Here it is if it's not displaying for you: 0800 048 0408."
1697368,Yoo WHAT THE FUCK IS UP WITH MY KEYBOARD @115858 @AppleSupport??,@514862 We'd like to help you. What are you experiencing with your keyboard?
87134,"@AppleSupport @115858 I took a picture and when I went to the camera roll, about 11,000 photos went missing. I had around 24k, now at 13k.","@135065 We know how important your photos are, and we'd love to help. Since the photos disappeared, have you had a chance to restart your iPhone?"
400926,@AppleSupport Since new iOS 11 my iPhone is glitching wish I would of never updated 😫👎🏻,"@210821 We're here to help. Does this issue happen while using certain apps only, or all apps?"
2970233,"@AppleSupport I restart my phone 2 times in the morning, but like 15 minutes ago I started to received notifications, so I think the problem is solved","@815842 Great, we're glad to hear that! Thanks for keeping us posted."
1342696,"@AppleSupport Sorry I just checked, that is the one I’m on! 😭",@433148 No worries. Let us know if you use these tips or have these settings set for your iPhone 6s:
187302,@AppleSupport IOS 11.0.2 the lastest version available!,@159944 We'd like to gather some more information for better troubleshooting. Can you DM us the country you are located in?
1693495,My iphone glitching from the update lowkey makes me want to switch to an android @AppleSupport,@513942 We would like to help with your iPhone. What issue are you having? Which exact iOS version are you running?
858921,"@AppleSupport Every app I use does the same thing... it started 3 days ago and I’m unsure why, any assistance would be amazing",@123699 We'd love to help get this resolved. Could you Direct Message us so we can look into this further with you?
1368997,"@AppleSupport So you’re working on a fix, right?",@438654 We’d like to offer our support. Please DM us which device and version of iOS you’re using to begin.
2958741,"@AppleSupport Every time I load the Photos app, it shows me the 'What's New In Photos' screen and prompts to take a tour. How can I turn that off?? I've taken this tour 100 times now!!","@479827 When you see the alert, does it have a ""Don't show me again"" option?"
1742389,@AppleSupport I️ updated my damn phone so why am I️ still seeing those damn boxes when I️ type I️ ????,@392019 Here’s what you can do to work around the issue until it’s fixed in a future software update:
567646,@AppleSupport See i DMed you a long time ago you haven’t responded,"@253142 Sorry for any confusion. We'd like to continue working here with you. Let's make sure we've gone through all the steps under ""If your device charges slowly or won’t charge"":"
889099,@AppleSupport iPhone 6s to Sony MDR-ZX770BN Headphones for example.,"@331083 So we can dig into this in more details, let's connect over in Direct Message. Walk us through the steps you take to try and connect the two so we know what you're seeing."
1301857,Hey @AppleSupport your iOS update makes me miss my landline. I pay way too much for a phone that freezes like pond water in Alaska. #iphone,@424246 We'll be glad to look into this with you. Are you experiencing the freezing when using any specific apps?
513644,@AppleSupport sucks! Getting though to a store for appointments is a nightmare and online Genius Bar appointment option seems to be disabled...hopeless experience with Doncaster store in Victoria Australia!,@238226 That was not the experience we wanted for you. Send us a DM and we'll double check on available Genius Bar appointments with you.
874796,"My @115858 iPhone fails when under warranty,yet I’m told I have to be without a phone for 2weeks!I suffer for a system error 😡😡 @AppleSupport",@327690 We’ve received your DM and will continue there shortly. Thank you for your patience.
98842,Ever since I updated my phone it hasn’t been able to hold a charge very well 😡 @115858 @AppleSupport,@137634 Let's look in to this battery issue together. Please DM us about this and we'll continue there.
1045615,@AppleSupport I used to do iTunes but I never connect to my computer and my iCloud is full!,@367195 Please join us in DM and let us know which iOS version is installed. You can find it in: Settings &gt; General &gt; About &gt; Version
764870,Acabo de actualizar al 11.0.3 y sigue igual el sistema ralentizado. Una mierda todo esto de #iOS11 @AppleSupport quiero el iOS10 ya.,@302809 We offer support via Twitter in English. Get help in Spanish here: or join
1393397,@AppleSupport No I haven’t blocked them I reported them as spam in the text message inbox,@444060 Let's look further into this. Please DM us the device you are using.
165778,@AppleSupport 11.1.2 (15B202),@154489 Okay. Join us in DM so we can better assist you:
1979879,@AppleSupport why is there no icon so I can delete the notifications??????????????? Happens all the time,@586112 We'd like to help. Check out steps for managing notifications here: Questions? DM us.
1954178,@AppleSupport WiFi. 6s.,@580103 We want to help! DM us and let us know more about the issues you are having.
937719,@AppleSupport I do not have a second phone on me at the moment. Not until 9pm mtn time,@342284 We know you want fast resolution for this. Can you try those on the other iPhone and get back to us?
2279845,@AppleSupport Update fixed it.,"@662799 We're glad to hear that! If you have any other questions we can help with in the future, please don't hesitate to reach back out."
1810139,Not entirely satisfied with my @AppleSupport experience from the Genius Bar today. I'd expect more considering the price of the products.,"@543809 Thank you for reaching out. We want to know more about your experience. Please DM us, and we will continue from there."
663509,@AppleSupport I've dm you. Thanks,@278132 We’ve received your DM and will continue working with you there.
164208,"@AppleSupport Is ""Siri voice"" synced via iCloud? All my devices now use American (Female) despite me only changing it on my iPhone yesterday?",@151154 Thanks for reaching out to us for support. We would love to help you. Please DM us so that we can look into this together.
1975344,@AppleSupport I just updated my iphone 6s to ios 11.1 now I cannot open my look screen. every time I type my password the phone crash,@584976 We want to help. Can you tell us which steps you've tried so far? This way we won't have you do any steps over again.
2093729,Idk about going team droid but Apple do need to work on this @AppleSupport #apple,@618635 Here’s what you can do to work around the issue until it’s fixed in a future software update:
2025133,"@AppleSupport Hi, I’m unable clear all notifications at one time and even if I close a app, it’s still running in background.",@228350 That's not the experience we want you to have. DM us using the link below and let us know your iOS version.
2007930,Why is my camera blurry and why do i keep getting these I️ when I️ type certain letters? Just started today. @AppleSupport @115858,"@593746 We'd love to help out. Is your camera blurry only in the Camera app, or when using other apps as well? Let us know more in DM."
2146519,@AppleSupport there is an issue with the phone. Brand new 8+ goes from 100% to 85% in 20 minutes while its in airplane mode and display is off.,"@630994 Let's look into this together! To start, can you DM us what iOS version you're currently on?"
464707,I need to the mic on my phone fix. Is that possible? @AppleSupport @115858,@225521 Meet us in DM. We'd like to know more about the issue you're facing.
1202044,"@AppleSupport Only for a night, and it still happens even if I restart it","@402424 OK, we'd like to look into this further. Send us a DM and let us know which country you're in. We'll continue there."
2584357,"@AppleSupport Thank you for replying but I️ have version 11.1.2, what are my options?",@732345 We'd be happy to look into this with you further. DM us using the link below and we'll go from there.
1541924,@AppleSupport @115858,"@477753 We're here to help with your iPhone X. First, let's make sure to do each of the steps here:"
1411622,"@AppleSupport Yes. When I pull up the app, the video option is missing. Two other people I know have had the same problem",@399109 Have you restarted your device since this happened?
334524,Hi @AppleSupport after installing iOS 11.0.2 there is huge drain in battery life on my iPhone 5s and my iPhone is getting hot when i use it.,@195714 Thanks for reaching out again. Were you able to try the steps in the link we previously provided?
703204,To desde as 8hrs tentando colocar o email no iCloud da minha mãe E ATÉ AGORA NÃO CONSEGUI VAI TOMAR NO OLHO DO CU TO MT PUTO @AppleSupport,"@287993 Since our Twitter support is available in English, get help at or join"
1393394,@AppleSupport I selected all messages in my inbox and clicked report as spam,"@444060 Are you looking to unblock phone numbers recently blocked in your call log? If so, check this article:"
2061976,@2501 @116333 @AppleSupport @115858 and takes only 4 hrs to be fully blown off after the 12 hr of hard work charging (:,@609816 That doesn't sound normal one bit. Let's chat over in Direct Message and we'll see what's going on with your iPad.
2545649,@AppleSupport tried updating to High Sierra on my MacBook Pro and it had this error message during reboot and now stuck on a loop to this same message every time I restart!! Don’t even want to update anymore just want access to my laptop.,@723559 We are glad you reached out so that we can help you get back into your MacBook and install macOS High Sierra properly. Meet up with us in Direct Message so we can go through a few steps to make that happen.
2004410,Man @AppleSupport I got my IPhone X today and it already broke..what do I do? 😳😔,"@592730 We'd be happy to look this over with you. Please meet us in DM so we may gather information, and better assist."
1220031,@AppleSupport Lol send me a phone that doesn’t crash every 5 minutes 🤦🏼‍♀️🙄,@406236 We'd like some additional details to help. Send us a DM with the link below and we'll take it from there.
1734359,@AppleSupport my 1200 dollar phone can’t type I without me having to autocorrect it 12 times.,@523735 Here’s what you can do to work around the issue until it’s fixed in a future software update:
188425,@AppleSupport I updated all apps and also the iOS but still facing qucik battery drain for some reason.,@160217 Does any of the info in this article help?
543684,@AppleSupport My iPhone works fine for about 2-3 minutes. Then the screen turns black and a loading circle appears. The circle shows for about 10-20 seconds and then it will work again for 2-3 minutes.,@246286 Got it. We know that the performance of your devices is important. Here's a link that will help you resolve this unexpected restart issue: Please be sure to create a back up of your data prior to updating. Here's how:
371150,"@AppleSupport may you help me , i would like to know when the IPhone x arrive to Israel thank you",@203891 We appreciate your interest and encourage you to stay up to date on Apple news here:
215845,@167330 @AppleSupport Any resolution to this? 11.0.2 - iPhone 7 - still no mail via mail app - Outlook App works without issue,@201593 Let's look into this further in DM.
894856,@AppleSupport Thanks but that did not help. How do I stop notifications that I have not backed up in X days? Back up automatically is off,@328357 Please come on over to DM and we'll take a closer look into this with you.
1526151,@AppleSupport tell me why when I️ type “I️” it becomes “A *cquestion mark in a box*” all happened after the new update,@290937 Let's work on this together. Reach out to us in a DM to get started.
939111,My earbuds are malfunctioning. I bought them in March. @AppleSupport would you give me a free replacement if I brought my old ones to the store?? I have the receipt on my phone.,"@342621 We're here to help! To make sure all bases are covered, have you tried them with another device, or have you tried another set of headphones with your iPhone? DM us more info, including which country you're in as support options vary, and we'll get started."
1688563,"@AppleSupport It actually doesn’t work for all phones, but good try 👍🏼","@512737 If you're still running into trouble, meet up with us in DM, and we'll take a look."
1405481,@AppleSupport This doesn’t work... @AppleSupport 😡😡,"@565557 We want to help you. DM us, and we can look into this deeper."
1509960,@AppleSupport kenpa ada notifikasi Tdak Dpat Masuk Jumlah maksimum akun gratis tlah diaktifkan d iPhone ini dan bagaimana cara mengatasinya,@470470 We offer support via Twitter in English. Contact us for help in your preferred language here:
1460581,@AppleSupport Perfect example,@458997 Thanks for reaching out. We're here to help. DM us so we can look into this further with you.
2141636,@AppleSupport when are you all going to fix the I️,@629742 Here’s what you can do to work around the issue until it’s fixed in a future software update:
753246,"@116333 @115858 @AppleSupport iOS 11.0.2 also sucks. Still problem w/ data, touch screen and battery life. This is by far the worst iOS",@299763 We'd like to help. Please DM us the device you're experiencing this issue on and we'll get started.
199340,@AppleSupport does the series 3 ⌚️come with the folding pin power adapter in the UK?,"@162983 It comes with a 5W USB power adapter. For more questions, reach out to our team at the Apple Online Store:"
1557121,@AppleSupport why does this suddenly keep appearing since I’ve updated my phone #appleupdate #iphone7,"@481351 Did you update to the latest iOS version, 11.1.1? Check at Settings &gt; General &gt; About &gt; Version."
433048,"@AppleSupport Thanks, yes I know that. But I want to share the email as a PDF. Is there a way of doing that? Thanks :)",@217993 Please DM us via the following link and we can help you further with this.
2055652,"@AppleSupport tell your engineers to fix your f*cking OS, meanwhile i’ll format the phone and re-install, that’s what you’ll tell me anyway!","@607936 If you change your mind, and would like to do troubleshooting, please reach out to us in DM. We'd love to assist."
123723,@AppleSupport hey! how can I update my iphone using cellular data?,@143664 That's a great question! You can only update your iPhone using Wi-Fi or by using iTunes on a computer. This article explains more:
118107,@AppleSupport Just wanted to say thank you again for the quick response and help this morning!☺️ Amazing!!,"@142193 You're most welcome. Anytime you need assistance, we've got your back."
1773689,Anyone know why my iPhone 6’s battery currently last about 5 minutes? I have to leave it plugged in all the time to use it @AppleSupport,@533074 Let's figure out what's going on with your battery. Please DM and tell us your version of iOS.
2686068,@AppleSupport 11.0.3 on my 6s+ is so slow most applications hang for 5+ seconds to open. When’s the next update to fix this mess?,"@755366 Great question! iOS 11.1 has just been released today, so we recommend backing up before updating:"
720510,"@AppleSupport Thank you Apple, I’m still having issue seeing other people’s emojis on Twitter.","@292441 We want to help. DM us if you can use the new emoji's and if they work in other apps, like Messages. We'll help there."
1304249,I updated my iPhone 7 and now my alarms won’t work sos @AppleSupport 😭,"@424770 Thanks for reaching out to us, we'd like to help! What's the exact iOS version on your iPhone?"
2442788,@AppleSupport yea,@700491 Please send us a DM to continue this conversation.
2890724,@AppleSupport What gives? How do I fix this? My iPhone se is up to date.,@801406 Thanks for reaching out. We're happy to look into this with you. Do you see the same results after you restart your iPhone?
1011817,@AppleSupport It's stuck on this screen or a black screen iTunes said it's broke and can't recover and now downloading ⌛️I guess for the factory reset,@359406 Let's continue troubleshooting in DM and get this into resolution. Do you regularly back up to iCloud or iTunes on a computer?
337775,@AppleSupport,@196620 Thanks. Let's continue in DM.
2126011,@AppleSupport I thank you kindly,@626075 You're welcome. Let us know if you need any further help.
509548,@AppleSupport iPhone 6s and iOS 11- I get text and call notifications but not notifications from apps such as Twitter or Facebook,"@237060 OK the issue is with the Facebook and Twitter applications. What kind of notification do you have set up for these applications? (a sound, a red dot on the app icon, an alert that pops up on the screen, etc.)"
270649,@AppleSupport after I restored my phone any texts I get after I turn on my phone get deleted as soon as I type in my passcode,@180548 Help is here. We'd like to look into this further via DM. Please tap here to meet us there:
2771762,@AppleSupport i am sorry is this your email?,@774781 You've come to the right place for help. This looks to be a phishing attempt. We'd recommend looking through the following article for tips on identifying and reporting this type of message:
391720,Why have I no longer got the option to turn off auto-brightness @AppleSupport #ios11 #update doing my head in!,@208750 Auto-Brightness can be turned off in Settings &gt; General &gt; Accessibility &gt; Display Accommodations:
181393,@AppleSupport Yes. It only got worse after I rebooted.,"@158611 Understood! What happens when you remove the apps and create a new folder? Does this issue seem to persist? If so, follow up with us in DM."
2518171,@AppleSupport No. They don’t do anything even after a hard reset. I open App Store and half of them are trying to update even though auto updates are OFF. I click individual updates and nothing. Same with new apps. See screen capture.,@717308 Okay. What kind of phone do you have and is it running iOS 11.1.1? You can check in Settings &gt; General &gt; About. Let us know in DM and we can continue to help.
1790843,i can’t download or add songs to my playlist on apple music? help? @AppleSupport,"@537940 We know how important your music is, so let's look into this. To start, DM us which device and software version you're using."
2009409,"Seriously though, wtf @AppleSupport? Are you deliberately making iTunes not work fully to entice people switch to Apple Music?",@594176 We’d like to understand more about this situation. Please DM us some details and we’ll take it from there.
2565714,@AppleSupport i upgraded to iOS 11.1.1 and since then i have been facing vibration issues. My phone's vibration automatically turns off in ringer and silent mode (both). on tapping phone couple of times it comes back to normal. but problem persists. help please.,@727900 Thank you for taking the time to reach out to us. We'd love to look into this with you. Did the issue occur at all prior to updating? Does restarting make any difference? Let us know in DM.
1896351,Yo @AppleSupport,@565218 We can assist you. Please DM us your device model via the following link and we'll help you further from there.
518365,"@AppleSupport my phone is suddenly doing weird stuff like this, what can i do?",@239561 We are here for you. Let's take a look at this further for you. Reach out to us in DM.
2044953,@AppleSupport hey can you guys turn off my blue tooth? It’s still searching for networks and killing my battery.,@604749 We’d be happy to look into this for you. Send us a DM with more details of what's going on and we'll continue there.
720692,@AppleSupport I have restarted my device many times since and the issue is still present. I'm not the only one seeing this:,"@292490 Have you already updated to our latest release, iOS 11.0.2? Let us know in DM."
456143,"@AppleSupport why is there a tiny circle with my friend’s face in it on this station in @115948? I’ve never seen this before, and tapping directly on it just plays the station. No other stations have this.",@206716 Great question! It looks like the two of you may be sharing stations you like on Apple Music. Have a look at this article:
2783352,@AppleSupport Thanks. Just spoken to you by phone and got an instruction set up to reschedule. Thanks for your help,@777212 It's our pleasure. We're glad you were able to get that taken care of. Reach out any time.
2756825,Is anyone else having problems with their iOS? My phone keeps crashing and just erased all my pictures. What’s happening @AppleSupport,@583176 We're happy to help you. Can you tell us which iOS version you are currently using please?
2577693,"@AppleSupport how do we clear history in maps on iOS 11.1.1? old house location keeps showing up, I swipe left and only get a share button and no remove, help.",@730848 We'd love to assist you with clearing out that destination. Check this out: Let us know if that helps.
948869,@AppleSupport Tried it with both. Still didn't work,@345023 Thank you. Do any errors appear?
460844,@AppleSupport I’m on the Public beta of 11.2 but this has literally been happening on and off since the first beta.,"@224482 Okay, DM us your country so we can continue."
2952407,@AppleSupport why does my battery % go down instead of up when I charge it lately?? It's just went from 59% to 28% when I plugged it in to charge? 😩,@815215 We'd be happy to look into this with you more in detail. Please reach out to us via DM and we'll get started.
1762081,@AppleSupport got a message from “apple” is this legit?,@530199 Thanks for reaching out and we can help. That looks like phishing. More info here:
1615887,@AppleSupport markup in 11.03 on ipad air doesnt recognise a shape you draw and straighten it? And if u use a box shape you cant rotate it??,@495552 We’re glad you reached out! We'd be happy to look into this with you. Let us know which app you’re using to markup in DM.
503586,"@AppleSupport My MacBook Pro keeps freezing, can’t get anything done. What’s up?! And yes I have the newest version.","@235352 We're here to help get this resolved. To get started, is this occurring at random or when using a specific application?"
749796,@AppleSupport nope!,@299226 Do you notice any difference with another network?
1674035,Y’all are on the cusp of world domination but can’t stop this——&gt; I️ @AppleSupport,@509364 Here’s what you can do to work around the issue until it’s fixed in a future software update:
894903,@AppleSupport why does my battery die halfway through the day ever since the update 😩🆘I’m doing less stuff on it to save battery,@332482 Let's look into that. Send us a DM and we'll go from there.
488042,@AppleSupport 11.1.2,"@231173 Thank you. Have you had a chance to restart your iPhone since you noticed this? If not, let's do that now. Restart your iPhone: Then DM us."
716509,"@AppleSupport Hi, Finally working, my password was not going through even when I know I was typing the correct password. Managed to change password thrice",@227624 We are glad you got this working. Let us know if you need anything else.
556041,@AppleSupport I have this exclamation mark in the left bottom and the picture is blurred,"@249885 Thanks. Do you use iCloud Photo Photo Library at all? If so, and you go to Settings &gt; Apple ID (at the top) &gt; iCloud &gt; Photos, does it show that they are currently uploading?"
2675416,"@115858 @applesupport fix this update. All my apps keep freezing, my Spotify doesnt show up on my lock screen and it sucks","@753081 We can work together to see what's going on. First, can you tell us the device and exact iOS version?"
1936568,@AppleSupport who can I talk to about my phone being slow after updating?,@576113 We’d like to help look into this with you. Can you start by describing the differences you’ve noticed in DM?
1366349,@AppleSupport 1. When I update the name of the album artist by example. 2. It keep showing the old information on my iPhone.,@438072 Which type of iPhone do you have and which version of the iOS is currently installed?
1019348,#ios11 draining the battery life of my #iphone and #ipadpro. Solution @AppleSupport ?,@361196 We're happy to help with this today. Which version of iOS 11 are you currently using per Settings &gt; General &gt; About?
252889,@AppleSupport That’s one of the first things I did. Still sporadic.,@176096 We appreciate your reply. Does this happen with one contact in particular or different contacts? Please let us know in DM.
